Timestamp;Map;PlayersNumber;TeamComposition;EnemyComposition;Duration;Victory;KillingBlows;Damage;Healing;Honor;RatingChange;MMR;EnemyMMR;Specialization;isRated
1547395810;1505;6;MAGE-Frost,PRIEST-Discipline,ROGUE-Assassination;PALADIN-Holy,PRIEST-Shadow,WARLOCK-Destruction;354;true;0;872823;411658;0;13;2442;2415;Frost;true
1547395327;1504;6;MAGE-Frost,PRIEST-Discipline,ROGUE-Assassination;MONK-Mistweaver,MONK-Windwalker,PRIEST-Shadow;111;true;0;160614;42467;0;12;2420;2382;Frost;true
1547394983;617;6;MAGE-Frost,PRIEST-Discipline,ROGUE-Assassination;MONK-Mistweaver,MONK-Windwalker,PRIEST-Shadow;227;true;2;564455;284355;0;14;2384;2419;Frost;true
1547394631;1825;6;MAGE-Frost,PRIEST-Discipline,ROGUE-Assassination;MONK-Mistweaver,PRIEST-Shadow,SHAMAN-Elemental;437;false;0;955453;278819;0;-12;2422;2377;Frost;true
1547394023;1672;6;MAGE-Frost,PRIEST-Discipline,ROGUE-Assassination;PALADIN-Holy,SHAMAN-Elemental,WARLOCK-Destruction;213;true;1;468343;253225;0;11;2404;2342;Frost;true
1547393600;1504;6;MAGE-Frost,PRIEST-Discipline,ROGUE-Assassination;PALADIN-Holy,SHAMAN-Elemental,WARLOCK-Destruction;204;true;1;470258;177297;0;12;2376;2369;Frost;true
1547393366;980;6;MAGE-Frost,PRIEST-Discipline,ROGUE-Assassination;MONK-Mistweaver,MONK-Windwalker,PRIEST-Shadow;188;false;0;438794;205168;0;-12;2416;2367;Frost;true
1547393158;1552;6;MAGE-Frost,PRIEST-Discipline,ROGUE-Assassination;PALADIN-Holy,SHAMAN-Elemental,WARLOCK-Destruction;154;true;1;340966;93811;0;14;2383;2402;Frost;true
1547392983;572;6;MAGE-Frost,PRIEST-Discipline,ROGUE-Assassination;DRUID-Restoration,HUNTER-Survival,WARRIOR-Fury;197;false;0;387857;305315;0;-8;2397;2484;Frost;true
1547392733;1911;6;MAGE-Frost,PRIEST-Discipline,ROGUE-Assassination;MONK-Mistweaver,MONK-Windwalker,PRIEST-Shadow;144;true;2;394006;86325;0;12;2369;2363;Frost;true
1547392532;572;6;MAGE-Frost,PRIEST-Discipline,ROGUE-Assassination;DEATHKNIGHT-Unholy,MONK-Mistweaver,WARRIOR-Arms;269;true;0;513908;400923;0;12;2343;2328;Frost;true
1547392186;1825;6;MAGE-Frost,PRIEST-Discipline,ROGUE-Assassination;DRUID-Balance,PRIEST-Discipline,ROGUE-Assassination;281;true;0;1018615;115555;0;12;2309;2330;Frost;true
1547391589;1504;6;MAGE-Frost,PRIEST-Discipline,ROGUE-Assassination;DRUID-Balance,PALADIN-Holy,PRIEST-Shadow;289;true;1;609480;295321;0;9;2290;2238;Frost;true
1547391121;572;6;MAGE-Frost,PRIEST-Discipline,ROGUE-Assassination;DRUID-Balance,PRIEST-Discipline,ROGUE-Assassination;196;false;0;338223;76113;0;-13;2321;2308;Frost;true
1547390836;1504;6;MAGE-Frost,PRIEST-Discipline,ROGUE-Assassination;HUNTER-Survival,PALADIN-Retribution,PRIEST-Discipline;216;false;0;268379;158865;0;-13;2360;2315;Frost;true
1547390594;617;6;MAGE-Frost,PRIEST-Discipline,ROGUE-Assassination;MAGE-Fire,PRIEST-Discipline,ROGUE-Assassination;158;false;0;187451;68629;0;-11;2389;2387;Frost;true
1547390217;1552;6;MAGE-Frost,PRIEST-Discipline,ROGUE-Assassination;MAGE-Frost,MONK-Mistweaver,WARLOCK-Destruction;427;true;0;1061483;447921;0;12;2362;2351;Frost;true
1547389669;1504;6;MAGE-Frost,PRIEST-Discipline,ROGUE-Assassination;DRUID-Feral,HUNTER-Survival,PRIEST-Discipline;138;true;1;271153;147525;0;14;2321;2379;Frost;true
1547389513;1825;6;MAGE-Frost,PRIEST-Discipline,ROGUE-Assassination;PALADIN-Retribution,PRIEST-Discipline,SHAMAN-Elemental;208;true;0;495537;144491;0;10;2296;2275;Frost;true
1547389269;572;6;MAGE-Frost,PRIEST-Discipline,ROGUE-Assassination;MAGE-Fire,PRIEST-Discipline,ROGUE-Assassination;212;false;0;642999;68289;0;-12;2323;2335;Frost;true
1547388966;980;6;MAGE-Frost,PRIEST-Discipline,ROGUE-Assassination;MAGE-Fire,PRIEST-Discipline,ROGUE-Subtlety;214;false;0;420542;159227;0;-11;2347;2374;Frost;true
1547388649;1505;6;MAGE-Frost,PRIEST-Discipline,ROGUE-Assassination;MAGE-Frost,MONK-Mistweaver,WARLOCK-Destruction;140;false;0;192304;47655;0;-11;2372;2390;Frost;true
1547388432;1825;6;MAGE-Frost,PRIEST-Discipline,ROGUE-Assassination;PALADIN-Holy,ROGUE-Assassination,WARLOCK-Destruction;178;true;1;427788;91987;0;12;2343;2342;Frost;true
1547388235;617;6;MAGE-Frost,PRIEST-Discipline,ROGUE-Assassination;MAGE-Fire,PRIEST-Discipline,ROGUE-Assassination;377;false;0;900938;224604;0;-11;2371;2380;Frost;true
1547387769;1504;6;MAGE-Frost,PRIEST-Discipline,ROGUE-Assassination;MAGE-Fire,PALADIN-Holy,ROGUE-Assassination;973;true;2;3539107;788857;0;12;2341;2345;Frost;true
1547386752;1825;6;MAGE-Frost,PRIEST-Discipline,ROGUE-Assassination;MAGE-Frost,MONK-Mistweaver,WARLOCK-Destruction;430;false;0;1106052;412646;0;-10;2364;2397;Frost;true
1547386198;1552;6;MAGE-Frost,PRIEST-Discipline,ROGUE-Assassination;PALADIN-Holy,PRIEST-Shadow,SHAMAN-Elemental;151;false;0;70141;33800;0;-11;2394;2391;Frost;true
1547385896;1825;6;MAGE-Frost,PRIEST-Discipline,ROGUE-Assassination;MAGE-Fire,PRIEST-Discipline,ROGUE-Assassination;143;false;0;211585;123777;0;-9;2414;2462;Frost;true
1547385728;617;6;MAGE-Frost,PRIEST-Discipline,ROGUE-Assassination;DRUID-Restoration,HUNTER-Survival,PRIEST-Shadow;236;true;2;829902;167299;0;13;2384;2388;Frost;true
1547385463;1504;6;MAGE-Frost,PRIEST-Discipline,ROGUE-Assassination;MAGE-Fire,MONK-Windwalker,PRIEST-Discipline;198;true;0;388003;180135;0;12;2355;2353;Frost;true
1547385211;1552;6;MAGE-Frost,PRIEST-Discipline,ROGUE-Assassination;MAGE-Frost,MONK-Mistweaver,WARLOCK-Destruction;335;false;0;826611;250780;0;-11;2383;2392;Frost;true
1547384645;1825;6;MAGE-Frost,PRIEST-Discipline,ROGUE-Assassination;MONK-Windwalker,PALADIN-Holy,PRIEST-Shadow;255;true;1;557953;286731;0;12;2354;2352;Frost;true
1547384366;617;6;MAGE-Frost,PRIEST-Discipline,ROGUE-Assassination;MAGE-Fire,PALADIN-Holy,ROGUE-Assassination;201;true;1;326133;47375;0;11;2328;2312;Frost;true
1547384104;1825;6;MAGE-Frost,PRIEST-Discipline,ROGUE-Assassination;HUNTER-Beast Mastery,PALADIN-Retribution,PRIEST-Discipline;184;true;1;375658;241216;0;10;2304;2277;Frost;true
1547383806;1505;6;MAGE-Frost,PRIEST-Discipline,ROGUE-Assassination;DRUID-Feral,MONK-Mistweaver,PRIEST-Shadow;344;false;0;854425;405591;0;-12;2335;2327;Frost;true
1547383435;617;6;MAGE-Frost,PRIEST-Discipline,ROGUE-Assassination;MAGE-Fire,PALADIN-Holy,ROGUE-Assassination;190;true;1;346124;19812;0;11;2306;2302;Frost;true
1547383142;1504;6;MAGE-Frost,PRIEST-Discipline,ROGUE-Assassination;MONK-Windwalker,PRIEST-Shadow,SHAMAN-Restoration;165;false;0;229890;169282;0;-12;2333;2345;Frost;true
1547382656;1911;6;MAGE-Frost,PRIEST-Discipline,ROGUE-Assassination;MONK-Mistweaver,MONK-Windwalker,PRIEST-Shadow;564;false;0;841488;421847;0;-11;2361;2366;Frost;true
1547382072;1552;6;MAGE-Frost,PRIEST-Discipline,ROGUE-Assassination;DEATHKNIGHT-Unholy,PRIEST-Shadow,SHAMAN-Restoration;166;true;1;478184;172285;0;11;2339;2303;Frost;true
1547381839;1672;6;MAGE-Frost,PRIEST-Discipline,ROGUE-Assassination;DRUID-Balance,MONK-Mistweaver,SHAMAN-Elemental;356;false;0;784328;437023;0;-11;2368;2369;Frost;true
1547381438;572;6;MAGE-Frost,PRIEST-Discipline,ROGUE-Assassination;SHAMAN-Elemental,SHAMAN-Restoration,WARLOCK-Destruction;293;false;0;546300;173891;0;-11;2401;2382;Frost;true
1547381120;572;6;MAGE-Frost,PRIEST-Discipline,ROGUE-Assassination;MAGE-Fire,PRIEST-Discipline,ROGUE-Assassination;210;true;0;392661;17002;0;13;2373;2367;Frost;true
1547380786;1552;6;MAGE-Frost,PRIEST-Discipline,ROGUE-Assassination;PALADIN-Holy,PRIEST-Shadow,SHAMAN-Elemental;163;false;0;268498;118697;0;-9;2393;2440;Frost;true
1547380457;1552;6;MAGE-Frost,PRIEST-Discipline,ROGUE-Assassination;MAGE-Frost,PRIEST-Discipline,ROGUE-Assassination;204;true;0;533276;60547;0;13;2364;2363;Frost;true
1547380230;980;6;MAGE-Frost,PRIEST-Discipline,ROGUE-Assassination;DRUID-Balance,PRIEST-Discipline,SHAMAN-Elemental;279;true;1;763398;266258;0;11;2340;2315;Frost;true
1547379927;980;6;MAGE-Frost,PRIEST-Discipline,ROGUE-Assassination;PALADIN-Holy,PRIEST-Shadow,SHAMAN-Elemental;208;false;0;376519;175849;0;-11;2367;2380;Frost;true
1547379652;572;6;MAGE-Frost,PRIEST-Discipline,ROGUE-Assassination;MONK-Mistweaver,MONK-Windwalker,PRIEST-Shadow;119;true;2;229245;41431;0;12;2336;2343;Frost;true
1547379495;1911;6;MAGE-Frost,PRIEST-Discipline,ROGUE-Assassination;DEATHKNIGHT-Unholy,MONK-Windwalker,PALADIN-Holy;123;true;2;332171;38255;0;12;2306;2311;Frost;true
1547379355;1134;6;MAGE-Frost,PRIEST-Discipline,ROGUE-Assassination;MAGE-Frost,PRIEST-Discipline,ROGUE-Assassination;225;true;0;517770;33282;0;11;2275;2283;Frost;true
1547379106;617;6;MAGE-Frost,PRIEST-Discipline,ROGUE-Assassination;MAGE-Fire,PRIEST-Discipline,ROGUE-Assassination;224;false;0;437148;67128;0;-12;2304;2308;Frost;true
1547378810;1505;6;MAGE-Frost,PRIEST-Discipline,ROGUE-Assassination;SHAMAN-Elemental,SHAMAN-Restoration,WARLOCK-Destruction;220;false;0;349386;110525;0;-12;2336;2319;Frost;true
1547378447;980;6;MAGE-Frost,PRIEST-Discipline,ROGUE-Assassination;DRUID-Feral,PALADIN-Holy,SHAMAN-Elemental;302;false;0;566806;313316;0;-11;2364;2369;Frost;true
1547378119;617;6;MAGE-Frost,PRIEST-Discipline,ROGUE-Assassination;MAGE-Fire,PRIEST-Discipline,ROGUE-Assassination;191;false;0;526766;84320;0;-11;2395;2385;Frost;true
1547377875;980;6;MAGE-Frost,PRIEST-Discipline,ROGUE-Assassination;PALADIN-Holy,PRIEST-Shadow,WARLOCK-Destruction;224;false;0;491785;245608;0;-10;2423;2429;Frost;true
1547377623;572;6;MAGE-Frost,PRIEST-Discipline,ROGUE-Assassination;PRIEST-Shadow,SHAMAN-Restoration,WARRIOR-Arms;245;false;0;527167;194357;0;-10;2456;2439;Frost;true
1547377353;1504;6;MAGE-Frost,PRIEST-Discipline,ROGUE-Assassination;MAGE-Fire,MONK-Windwalker,PALADIN-Holy;214;true;0;500032;17856;0;15;2424;2436;Frost;true
1547377119;572;6;MAGE-Frost,PRIEST-Discipline,ROGUE-Assassination;MAGE-Fire,PRIEST-Discipline,ROGUE-Assassination;307;true;0;853394;73559;0;13;2399;2378;Frost;true
1547376704;980;6;MAGE-Frost,PRIEST-Discipline,ROGUE-Assassination;PRIEST-Shadow,SHAMAN-Restoration,WARRIOR-Arms;415;false;0;1047080;521609;0;-9;2424;2444;Frost;true
1547376267;1505;5;MAGE-Frost,PRIEST-Discipline,ROGUE-Assassination;DEATHKNIGHT-Unholy,PRIEST-Discipline;76;true;0;0;0;0;14;2393;2401;Frost;true
1547376172;1504;6;MAGE-Frost,PRIEST-Discipline,ROGUE-Assassination;PALADIN-Holy,WARLOCK-Destruction,WARRIOR-Arms;216;false;0;569460;129429;0;-10;2423;2422;Frost;true
1547375772;980;6;MAGE-Frost,PRIEST-Discipline,ROGUE-Assassination;MAGE-Fire,PRIEST-Discipline,ROGUE-Assassination;199;true;1;375498;10849;0;15;2389;2411;Frost;true
1547375477;1911;6;MAGE-Frost,PRIEST-Discipline,ROGUE-Assassination;MAGE-Fire,PALADIN-Holy,ROGUE-Assassination;235;true;0;358361;67906;0;12;2365;2336;Frost;true
1547375206;1911;6;MAGE-Frost,PRIEST-Discipline,ROGUE-Assassination;MAGE-Fire,MONK-Windwalker,PRIEST-Discipline;174;true;1;470319;126177;0;13;2338;2330;Frost;true
1547374986;1911;6;MAGE-Frost,PRIEST-Discipline,ROGUE-Assassination;SHAMAN-Elemental,SHAMAN-Restoration,WARLOCK-Destruction;249;false;0;400077;174617;0;-11;2369;2359;Frost;true
1547374712;1505;6;MAGE-Frost,PRIEST-Discipline,ROGUE-Assassination;MONK-Mistweaver,MONK-Windwalker,WARLOCK-Destruction;398;false;0;2078292;166899;0;-10;2402;2381;Frost;true
1547374215;1505;6;MAGE-Frost,PRIEST-Discipline,ROGUE-Assassination;MAGE-Fire,MONK-Windwalker,PRIEST-Discipline;161;true;2;309014;7357;0;13;2376;2361;Frost;true
1547373694;1552;6;MAGE-Frost,PRIEST-Discipline,ROGUE-Assassination;PALADIN-Holy,PRIEST-Shadow,WARLOCK-Destruction;429;true;0;1448045;476363;0;14;2341;2370;Frost;true
1547373185;617;6;MAGE-Frost,PRIEST-Discipline,ROGUE-Assassination;MAGE-Fire,PALADIN-Holy,ROGUE-Assassination;851;false;1;2943423;642673;0;-10;2371;2365;Frost;true
1547372230;572;6;MAGE-Frost,PRIEST-Discipline,ROGUE-Assassination;MONK-Mistweaver,PRIEST-Shadow,ROGUE-Subtlety;269;true;1;1066698;92988;0;13;2344;2332;Frost;true
1547371717;1134;6;MAGE-Frost,PRIEST-Discipline,ROGUE-Assassination;DEATHKNIGHT-Unholy,PALADIN-Protection,WARRIOR-Arms;119;false;0;197060;195745;0;-10;2375;2367;Frost;true
1547371218;1672;6;MAGE-Frost,PRIEST-Discipline,ROGUE-Assassination;DRUID-Restoration,MAGE-Fire,ROGUE-Assassination;1005;true;2;4587665;860514;0;13;2347;2341;Frost;true
1547370156;1825;6;MAGE-Frost,PRIEST-Discipline,ROGUE-Assassination;MAGE-Fire,PALADIN-Holy,ROGUE-Assassination;199;false;0;269963;68755;0;-9;2373;2386;Frost;true
1547369920;617;6;MAGE-Frost,PRIEST-Discipline,ROGUE-Assassination;MONK-Mistweaver,WARLOCK-Destruction,WARRIOR-Fury;176;true;3;533472;88582;0;14;2345;2343;Frost;true
1547369721;1505;6;MAGE-Frost,PRIEST-Discipline,ROGUE-Assassination;MONK-Mistweaver,MONK-Windwalker,PALADIN-Retribution;169;true;2;650741;56014;0;13;2315;2317;Frost;true
1547369492;1552;6;MAGE-Frost,PRIEST-Discipline,ROGUE-Assassination;DRUID-Restoration,MAGE-Frost,WARLOCK-Demonology;254;true;0;418541;204115;0;13;2285;2289;Frost;true
1547369220;572;6;MAGE-Frost,PRIEST-Discipline,ROGUE-Assassination;DEATHKNIGHT-Unholy,MONK-Mistweaver,MONK-Windwalker;149;false;0;324012;19700;0;-11;2319;2297;Frost;true
1547368986;1911;6;MAGE-Frost,PRIEST-Discipline,ROGUE-Assassination;MONK-Mistweaver,WARLOCK-Destruction,WARRIOR-Fury;303;true;1;857173;223117;0;13;2290;2287;Frost;true
1547368639;617;6;MAGE-Frost,PRIEST-Discipline,ROGUE-Assassination;MAGE-Fire,PALADIN-Holy,SHAMAN-Elemental;251;true;2;616675;127722;0;13;2257;2280;Frost;true
1547368294;1505;6;MAGE-Frost,PRIEST-Discipline,ROGUE-Assassination;DEATHKNIGHT-Unholy,MONK-Mistweaver,MONK-Windwalker;159;false;0;423883;14938;0;-12;2289;2272;Frost;true
1547368097;617;6;MAGE-Frost,PRIEST-Discipline,ROGUE-Assassination;MAGE-Fire,PALADIN-Holy,ROGUE-Assassination;335;true;2;635772;160736;0;12;2264;2245;Frost;true
1547367712;980;6;MAGE-Frost,PRIEST-Discipline,ROGUE-Assassination;MAGE-Frost,SHAMAN-Restoration,WARLOCK-Destruction;118;false;0;60156;17810;0;-11;2293;2292;Frost;true
1547367513;1672;6;MAGE-Frost,PRIEST-Discipline,ROGUE-Assassination;MAGE-Fire,PALADIN-Holy,ROGUE-Assassination;292;true;0;671392;133487;0;12;2266;2257;Frost;true
1547367149;1911;6;MAGE-Frost,PRIEST-Discipline,ROGUE-Assassination;MONK-Mistweaver,WARLOCK-Demonology,WARLOCK-Destruction;207;true;2;724521;123949;0;12;2234;2248;Frost;true
1547366887;617;6;MAGE-Frost,PRIEST-Discipline,ROGUE-Assassination;MAGE-Frost,PRIEST-Discipline,ROGUE-Assassination;201;true;0;360649;81058;0;12;2201;2221;Frost;true
1547366667;617;6;MAGE-Frost,PRIEST-Discipline,ROGUE-Assassination;DEATHKNIGHT-Unholy,MONK-Windwalker,PALADIN-Holy;146;false;0;181665;61485;0;-12;2228;2239;Frost;true
1547366500;1825;6;MAGE-Frost,PRIEST-Discipline,ROGUE-Assassination;MAGE-Fire,PALADIN-Holy,ROGUE-Assassination;207;false;0;440775;199470;0;-12;2260;2243;Frost;true
1547366261;1505;6;MAGE-Frost,PRIEST-Discipline,ROGUE-Assassination;DEATHKNIGHT-Unholy,MONK-Mistweaver,PRIEST-Shadow;257;false;0;520973;248753;0;-10;2285;2307;Frost;true
1547365886;1911;6;MAGE-Frost,PRIEST-Discipline,ROGUE-Assassination;MAGE-Arcane,SHAMAN-Restoration,WARLOCK-Destruction;136;false;0;56487;121314;0;-11;2314;2315;Frost;true
1547365725;1672;6;MAGE-Frost,PRIEST-Discipline,ROGUE-Assassination;DEMONHUNTER-Havoc,DRUID-Balance,SHAMAN-Restoration;252;false;0;431987;241836;0;-10;2343;2340;Frost;true
1547365452;1552;6;MAGE-Frost,PRIEST-Discipline,ROGUE-Assassination;PALADIN-Holy,PRIEST-Shadow,WARLOCK-Destruction;255;false;0;651969;246930;0;-10;2376;2357;Frost;true
1547365067;1672;6;MAGE-Frost,PRIEST-Discipline,ROGUE-Assassination;MONK-Mistweaver,WARLOCK-Affliction,WARLOCK-Destruction;163;true;1;285854;146831;0;15;2346;2354;Frost;true
1547221143;572;6;MAGE-Frost,PRIEST-Discipline,ROGUE-Assassination;PALADIN-Holy,SHAMAN-Elemental,WARLOCK-Destruction;337;false;0;588988;210871;0;-8;2365;2406;Frost;true
1547220783;1134;6;MAGE-Frost,PRIEST-Discipline,ROGUE-Assassination;DEATHKNIGHT-Unholy,MONK-Mistweaver,PALADIN-Protection;253;true;2;637324;43925;0;13;2344;2301;Frost;true
1547220265;1134;6;MAGE-Frost,PRIEST-Discipline,ROGUE-Assassination;DEATHKNIGHT-Unholy,PALADIN-Holy,SHAMAN-Elemental;225;true;0;540753;183417;0;10;2333;2217;Frost;true
1547219690;1825;6;MAGE-Frost,PRIEST-Discipline,ROGUE-Assassination;DEATHKNIGHT-Unholy,MONK-Mistweaver,PALADIN-Protection;197;true;2;785612;83026;0;15;2294;2340;Frost;true
1547219347;980;6;MAGE-Frost,PRIEST-Discipline,ROGUE-Assassination;DEATHKNIGHT-Unholy,PALADIN-Holy,SHAMAN-Elemental;201;true;1;574144;92786;0;12;2270;2243;Frost;true
1547218966;980;6;MAGE-Frost,PRIEST-Discipline,ROGUE-Assassination;DEATHKNIGHT-Unholy,MONK-Mistweaver,PALADIN-Protection;128;false;0;169344;85992;0;-11;2305;2278;Frost;true
1547218733;1134;6;MAGE-Frost,PRIEST-Discipline,ROGUE-Assassination;DRUID-Restoration,PALADIN-Retribution,WARRIOR-Arms;259;true;0;911638;172591;0;13;2280;2259;Frost;true
1547218233;980;6;MAGE-Frost,PRIEST-Discipline,ROGUE-Assassination;DEATHKNIGHT-Unholy,MONK-Mistweaver,PALADIN-Protection;214;true;0;637700;46983;0;15;2231;2321;Frost;true
1547217934;1505;6;MAGE-Frost,PRIEST-Discipline,ROGUE-Assassination;DRUID-Restoration,MAGE-Fire,ROGUE-Assassination;154;true;0;306113;27156;0;11;2209;2171;Frost;true
1547217651;980;6;MAGE-Frost,PRIEST-Discipline,ROGUE-Assassination;DEMONHUNTER-Havoc,DRUID-Balance,SHAMAN-Restoration;602;false;0;1678035;683367;0;-12;2242;2223;Frost;true
1547216907;572;6;MAGE-Frost,PRIEST-Discipline,ROGUE-Assassination;DRUID-Restoration,PALADIN-Retribution,WARRIOR-Arms;115;true;1;149518;45615;0;12;2215;2203;Frost;true
1547216735;1552;6;MAGE-Frost,PRIEST-Discipline,ROGUE-Assassination;DRUID-Balance,MONK-Mistweaver,ROGUE-Assassination;172;true;0;460352;105183;0;12;2185;2188;Frost;true
1547216455;572;6;MAGE-Frost,PRIEST-Discipline,ROGUE-Assassination;DEMONHUNTER-Havoc,DRUID-Balance,SHAMAN-Restoration;646;false;0;2396120;560774;0;-12;2213;2219;Frost;true
1547215788;1505;6;MAGE-Frost,PRIEST-Discipline,ROGUE-Assassination;DRUID-Restoration,MAGE-Fire,ROGUE-Assassination;277;true;0;624762;57570;0;12;2181;2197;Frost;true
1547215489;980;6;MAGE-Frost,PRIEST-Discipline,ROGUE-Assassination;DEATHKNIGHT-Unholy,PALADIN-Holy,SHAMAN-Elemental;180;true;1;411844;146338;0;9;2161;2110;Frost;true
1547215134;1134;6;MAGE-Frost,PRIEST-Discipline,ROGUE-Assassination;DEATHKNIGHT-Unholy,PALADIN-Holy,SHAMAN-Elemental;159;true;0;418640;45741;0;11;2129;2142;Frost;true
1547214914;572;6;MAGE-Frost,PRIEST-Discipline,ROGUE-Assassination;DRUID-Restoration,MAGE-Fire,ROGUE-Assassination;181;false;0;245449;20574;0;-13;2156;2169;Frost;true
1547214365;1825;6;MAGE-Frost,PRIEST-Discipline,ROGUE-Assassination;DEMONHUNTER-Havoc,MONK-Mistweaver,WARRIOR-Arms;167;false;0;451400;129197;0;-13;2188;2173;Frost;true
1547214149;1505;6;MAGE-Frost,PRIEST-Discipline,ROGUE-Assassination;MAGE-Fire,PRIEST-Discipline,ROGUE-Subtlety;133;false;0;159783;23457;0;-11;2213;2232;Frost;true
1547213904;1672;6;MAGE-Frost,PRIEST-Discipline,ROGUE-Assassination;MAGE-Fire,PRIEST-Discipline,ROGUE-Assassination;174;false;0;165906;40889;0;-12;2244;2236;Frost;true
1547213707;572;6;MAGE-Frost,PRIEST-Discipline,ROGUE-Assassination;DEATHKNIGHT-Unholy,MONK-Windwalker,PALADIN-Holy;131;false;0;187134;42593;0;-10;2270;2284;Frost;true
1547213479;1672;6;MAGE-Frost,PRIEST-Discipline,ROGUE-Assassination;MAGE-Fire,MONK-Mistweaver,ROGUE-Assassination;283;false;0;571624;161003;0;-9;2296;2317;Frost;true
1547213114;1672;6;MAGE-Frost,PRIEST-Discipline,ROGUE-Assassination;MAGE-Fire,PRIEST-Discipline,ROGUE-Assassination;220;false;0;494896;79794;0;-10;2327;2314;Frost;true
1547212825;1911;6;MAGE-Frost,PRIEST-Discipline,ROGUE-Assassination;MAGE-Fire,MONK-Mistweaver,WARLOCK-Destruction;384;false;0;1131718;241625;0;-9;2354;2366;Frost;true
1547212361;1672;6;MAGE-Frost,PRIEST-Discipline,ROGUE-Assassination;DEMONHUNTER-Havoc,MONK-Mistweaver,MONK-Windwalker;240;true;1;783250;226242;0;15;2322;2338;Frost;true
1547211986;1825;6;MAGE-Frost,PRIEST-Discipline,ROGUE-Assassination;MAGE-Fire,PRIEST-Discipline,ROGUE-Assassination;425;true;0;1069569;102575;0;14;2296;2279;Frost;true
1547211538;1552;6;MAGE-Frost,PRIEST-Discipline,ROGUE-Assassination;MAGE-Fire,MONK-Mistweaver,ROGUE-Assassination;166;true;0;280888;135129;0;13;2269;2257;Frost;true
1547211301;1911;6;MAGE-Frost,PRIEST-Discipline,ROGUE-Assassination;MONK-Mistweaver,SHAMAN-Elemental,WARLOCK-Destruction;329;true;1;797696;333902;0;13;2243;2228;Frost;true
1547210898;1134;6;MAGE-Frost,PRIEST-Discipline,ROGUE-Assassination;MAGE-Fire,PRIEST-Discipline,ROGUE-Assassination;192;true;0;281071;31215;0;12;2219;2190;Frost;true
1547210623;1672;6;MAGE-Frost,PRIEST-Discipline,ROGUE-Assassination;DEATHKNIGHT-Unholy,PALADIN-Protection,WARRIOR-Arms;109;false;0;102483;60497;0;-10;2246;2256;Frost;true
1547210459;1672;6;MAGE-Frost,PRIEST-Discipline,ROGUE-Assassination;DRUID-Balance,MONK-Mistweaver,SHAMAN-Elemental;479;false;0;1805010;115370;0;-10;2276;2274;Frost;true
1547209841;1825;6;MAGE-Frost,PRIEST-Discipline,ROGUE-Assassination;DEATHKNIGHT-Unholy,MONK-Windwalker,PALADIN-Holy;161;true;1;445584;11079;0;13;2247;2243;Frost;true
1547209543;1911;6;MAGE-Frost,PRIEST-Discipline,ROGUE-Assassination;DRUID-Balance,HUNTER-Survival,MONK-Mistweaver;289;false;0;668003;327499;0;-10;2276;2278;Frost;true
1547209209;1134;6;MAGE-Frost,PRIEST-Discipline,ROGUE-Assassination;MAGE-Fire,PALADIN-Holy,WARLOCK-Demonology;250;true;1;531753;335781;0;14;2245;2256;Frost;true
1547208871;1505;6;MAGE-Frost,PRIEST-Discipline,ROGUE-Assassination;DEATHKNIGHT-Unholy,MONK-Mistweaver,WARRIOR-Arms;122;true;1;133571;1934;0;12;2223;2184;Frost;true
1547208582;1505;6;MAGE-Frost,PRIEST-Discipline,ROGUE-Assassination;DEATHKNIGHT-Unholy,DRUID-Balance,SHAMAN-Restoration;324;true;1;797163;546792;0;13;2195;2191;Frost;true
1547208232;617;6;MAGE-Frost,PRIEST-Discipline,ROGUE-Assassination;MONK-Mistweaver,MONK-Windwalker,WARLOCK-Affliction;200;false;0;650895;194992;0;-11;2225;2218;Frost;true
1547207933;1672;6;MAGE-Frost,PRIEST-Discipline,ROGUE-Assassination;MAGE-Fire,PALADIN-Holy,WARLOCK-Demonology;193;true;1;374275;278168;0;13;2195;2202;Frost;true
1547207719;980;6;MAGE-Frost,PRIEST-Discipline,ROGUE-Assassination;HUNTER-Survival,PALADIN-Retribution,PRIEST-Discipline;212;false;0;470492;195051;0;-11;2225;2217;Frost;true
1547207261;1505;6;MAGE-Frost,PRIEST-Discipline,ROGUE-Assassination;DRUID-Restoration,PALADIN-Retribution,WARLOCK-Destruction;602;false;0;2417872;568217;0;-10;2255;2254;Frost;true
1547206622;1672;5;MAGE-Frost,PRIEST-Discipline,ROGUE-Assassination;HUNTER-Survival,PALADIN-Retribution;96;true;0;49104;14751;0;14;2222;2239;Frost;true
1547206458;1505;6;MAGE-Frost,PRIEST-Discipline,ROGUE-Assassination;MONK-Mistweaver,PRIEST-Shadow,WARLOCK-Affliction;164;false;0;251436;56326;0;-10;2251;2254;Frost;true
1547206269;572;6;MAGE-Frost,PRIEST-Discipline,ROGUE-Assassination;MONK-Mistweaver,PRIEST-Shadow,SHAMAN-Elemental;186;true;0;637905;35170;0;13;2224;2213;Frost;true
1547206063;572;6;MAGE-Frost,PRIEST-Discipline,ROGUE-Assassination;DEMONHUNTER-Havoc,MONK-Mistweaver,MONK-Windwalker;124;true;0;138860;80602;0;13;2196;2191;Frost;true
1547205843;617;6;MAGE-Frost,PRIEST-Discipline,ROGUE-Assassination;DRUID-Balance,PRIEST-Discipline,SHAMAN-Elemental;238;true;2;819514;236558;0;13;2162;2185;Frost;true
1547205499;1552;6;MAGE-Frost,PRIEST-Discipline,ROGUE-Assassination;HUNTER-Survival,PALADIN-Retribution,PRIEST-Discipline;234;false;0;624920;289020;0;-11;2193;2186;Frost;true
1547205241;1552;6;MAGE-Frost,PRIEST-Discipline,ROGUE-Assassination;DRUID-Feral,HUNTER-Survival,PALADIN-Holy;262;true;0;644212;40314;0;13;2160;2178;Frost;true
1547204908;617;6;MAGE-Frost,PRIEST-Discipline,ROGUE-Assassination;DEATHKNIGHT-Unholy,MONK-Mistweaver,WARRIOR-Arms;193;true;2;376592;105081;0;12;2132;2125;Frost;true
1547204674;617;6;MAGE-Frost,PRIEST-Discipline,ROGUE-Assassination;MONK-Mistweaver,PRIEST-Shadow,WARRIOR-Arms;294;false;0;621584;362330;0;-11;2160;2166;Frost;true
1547204328;617;6;MAGE-Frost,PRIEST-Discipline,ROGUE-Assassination;MAGE-Fire,PRIEST-Discipline,ROGUE-Assassination;190;true;1;394634;5831;0;12;2133;2123;Frost;true
1547204062;1505;6;MAGE-Frost,PRIEST-Discipline,ROGUE-Assassination;DRUID-Restoration,MAGE-Frost,ROGUE-Assassination;164;false;0;183176;85787;0;-11;2162;2161;Frost;true
1547203859;1552;6;MAGE-Frost,PRIEST-Discipline,ROGUE-Assassination;DRUID-Feral,HUNTER-Survival,PALADIN-Holy;233;false;0;415475;114510;0;-10;2188;2205;Frost;true
1547203554;1911;6;MAGE-Frost,PRIEST-Discipline,ROGUE-Assassination;MAGE-Fire,PALADIN-Holy,ROGUE-Assassination;272;false;0;535419;118940;0;-11;2219;2209;Frost;true
1547203261;1911;6;MAGE-Frost,PRIEST-Discipline,ROGUE-Assassination;MONK-Mistweaver,PRIEST-Shadow,SHAMAN-Elemental;141;false;0;218489;74864;0;-9;2244;2265;Frost;true
1547203091;1911;6;MAGE-Frost,PRIEST-Discipline,ROGUE-Assassination;HUNTER-Survival,PALADIN-Holy,WARLOCK-Destruction;313;true;1;644330;385157;0;15;2208;2242;Frost;true
1547202649;1825;6;MAGE-Frost,PRIEST-Discipline,ROGUE-Assassination;MAGE-Fire,PALADIN-Holy,ROGUE-Assassination;190;true;1;513985;37608;0;13;2181;2167;Frost;true
1547202385;980;6;MAGE-Frost,PRIEST-Discipline,ROGUE-Assassination;DRUID-Restoration,PALADIN-Protection,ROGUE-Assassination;337;true;2;1785197;43452;0;13;2153;2150;Frost;true
1547202026;1825;6;MAGE-Frost,PRIEST-Discipline,ROGUE-Assassination;DRUID-Restoration,MAGE-Fire,ROGUE-Assassination;308;true;0;682796;21067;0;12;2124;2122;Frost;true
1547201680;1504;6;MAGE-Frost,PRIEST-Discipline,ROGUE-Assassination;DRUID-Balance,PRIEST-Shadow,SHAMAN-Restoration;529;false;0;1497692;578642;0;-11;2155;2148;Frost;true
1547201132;1672;6;MAGE-Frost,PRIEST-Discipline,ROGUE-Assassination;HUNTER-Survival,PALADIN-Retribution,PRIEST-Discipline;224;false;0;493774;249208;0;-10;2183;2187;Frost;true
1547200869;1505;6;MAGE-Frost,PRIEST-Discipline,ROGUE-Assassination;DEATHKNIGHT-Unholy,SHAMAN-Restoration,WARRIOR-Protection;179;true;0;604821;139636;0;13;2151;2164;Frost;true
1547200675;1672;6;MAGE-Frost,PRIEST-Discipline,ROGUE-Assassination;HUNTER-Survival,MONK-Mistweaver,PALADIN-Retribution;121;false;0;35784;74249;0;-11;2186;2158;Frost;true
1547125631;1825;6;MAGE-Frost,PRIEST-Discipline,ROGUE-Assassination;DEATHKNIGHT-Unholy,MONK-Mistweaver,PRIEST-Shadow;235;false;0;786796;128857;0;-10;2215;2208;Frost;true
1547125215;1672;6;MAGE-Frost,PRIEST-Discipline,ROGUE-Assassination;MAGE-Frost,PRIEST-Discipline,ROGUE-Subtlety;256;true;1;480446;301900;0;14;2181;2209;Frost;true
1547124844;1552;6;MAGE-Frost,PRIEST-Discipline,ROGUE-Assassination;DRUID-Balance,MONK-Mistweaver,WARLOCK-Destruction;243;true;1;980811;279511;0;13;2153;2143;Frost;true
1547124563;1911;6;MAGE-Frost,PRIEST-Discipline,ROGUE-Assassination;DEATHKNIGHT-Unholy,MONK-Mistweaver,PRIEST-Shadow;263;false;0;866904;211922;0;-11;2185;2173;Frost;true
1547124262;1552;6;MAGE-Frost,PRIEST-Discipline,ROGUE-Assassination;DEMONHUNTER-Havoc,DRUID-Balance,SHAMAN-Restoration;439;false;0;938685;584260;0;-10;2218;2199;Frost;true
1547123705;980;6;MAGE-Frost,PRIEST-Discipline,ROGUE-Assassination;MAGE-Frost,PRIEST-Discipline,ROGUE-Subtlety;252;true;0;596629;319140;0;15;2185;2205;Frost;true
1547123369;1911;6;MAGE-Frost,PRIEST-Discipline,ROGUE-Assassination;DEATHKNIGHT-Unholy,MONK-Mistweaver,PRIEST-Shadow;237;false;0;492333;268291;0;-10;2214;2212;Frost;true
1547123107;1504;6;MAGE-Frost,PRIEST-Discipline,ROGUE-Assassination;DEATHKNIGHT-Unholy,MONK-Mistweaver,MONK-Windwalker;165;true;0;384051;173581;0;14;2184;2189;Frost;true
1547122730;1825;6;MAGE-Frost,PRIEST-Discipline,ROGUE-Assassination;DRUID-Balance,MONK-Mistweaver,SHAMAN-Enhancement;248;true;1;428187;237790;0;13;2156;2151;Frost;true
1547122440;1911;6;MAGE-Frost,PRIEST-Discipline,ROGUE-Assassination;DEATHKNIGHT-Unholy,DRUID-Restoration,ROGUE-Assassination;158;true;0;400137;14062;0;13;2126;2133;Frost;true
1547122257;1911;6;MAGE-Frost,PRIEST-Discipline,ROGUE-Assassination;MAGE-Fire,PRIEST-Discipline,ROGUE-Assassination;144;false;0;131144;12478;0;-10;2154;2158;Frost;true
1547122013;1911;6;MAGE-Frost,PRIEST-Discipline,ROGUE-Assassination;DEATHKNIGHT-Unholy,MONK-Mistweaver,ROGUE-Assassination;186;false;1;684957;60539;0;-9;2180;2194;Frost;true
1547121767;617;6;MAGE-Frost,PRIEST-Discipline,ROGUE-Assassination;MONK-Mistweaver,PRIEST-Shadow,WARRIOR-Arms;194;true;0;567600;164687;0;14;2152;2149;Frost;true
1547121517;980;6;MAGE-Frost,PRIEST-Discipline,ROGUE-Assassination;MONK-Mistweaver,SHAMAN-Elemental,WARLOCK-Destruction;272;true;0;651606;150064;0;14;2117;2144;Frost;true
1547121132;572;6;MAGE-Frost,PRIEST-Discipline,ROGUE-Assassination;DEATHKNIGHT-Unholy,MONK-Mistweaver,PRIEST-Shadow;396;false;0;1445190;728453;0;-10;2145;2150;Frost;true
1547120671;1134;6;MAGE-Frost,PRIEST-Discipline,ROGUE-Assassination;MONK-Mistweaver,SHAMAN-Elemental,WARRIOR-Arms;316;true;0;964079;19389;0;13;2117;2110;Frost;true
1547120316;1505;6;MAGE-Frost,PRIEST-Discipline,ROGUE-Assassination;MAGE-Fire,PRIEST-Discipline,ROGUE-Assassination;167;false;0;278260;71527;0;-11;2150;2133;Frost;true
1547120129;1504;6;MAGE-Frost,PRIEST-Discipline,ROGUE-Assassination;DEATHKNIGHT-Unholy,MONK-Mistweaver,ROGUE-Assassination;242;false;0;582733;114546;0;-10;2178;2182;Frost;true
1547119858;1911;6;MAGE-Frost,PRIEST-Discipline,ROGUE-Assassination;DRUID-Balance,MONK-Windwalker,PALADIN-Holy;217;false;0;653338;116694;0;-9;2209;2200;Frost;true
1547119558;1825;6;MAGE-Frost,PRIEST-Discipline,ROGUE-Assassination;MONK-Mistweaver,MONK-Windwalker,WARRIOR-Fury;205;true;1;553696;52360;0;15;2179;2182;Frost;true
1547119147;1504;6;MAGE-Frost,PRIEST-Discipline,ROGUE-Assassination;DEATHKNIGHT-Unholy,PALADIN-Holy,WARLOCK-Destruction;160;true;1;428528;68011;0;14;2149;2157;Frost;true
1547118936;1911;6;MAGE-Frost,PRIEST-Discipline,ROGUE-Assassination;DRUID-Restoration,SHAMAN-Elemental,WARRIOR-Arms;161;true;2;354832;112570;0;14;2118;2128;Frost;true
1547118724;1672;6;MAGE-Frost,PRIEST-Discipline,ROGUE-Assassination;DEATHKNIGHT-Unholy,MONK-Mistweaver,PRIEST-Shadow;331;true;0;969525;463029;0;13;2088;2093;Frost;true
1547118346;1911;6;MAGE-Frost,PRIEST-Discipline,ROGUE-Assassination;MONK-Mistweaver,PRIEST-Shadow,WARLOCK-Affliction;320;true;1;1386851;294701;0;12;2058;2059;Frost;true
1547118006;1504;6;MAGE-Frost,PRIEST-Discipline,ROGUE-Assassination;PRIEST-Discipline,SHAMAN-Enhancement,WARRIOR-Arms;199;true;1;420322;79806;0;11;2032;2016;Frost;true
1547117786;980;6;MAGE-Frost,PRIEST-Discipline,ROGUE-Assassination;DEATHKNIGHT-Unholy,PALADIN-Holy,WARLOCK-Destruction;143;false;0;162477;93686;0;-12;2063;2055;Frost;true
1547117604;617;6;MAGE-Frost,PRIEST-Discipline,ROGUE-Assassination;DEATHKNIGHT-Unholy,DRUID-Restoration,PRIEST-Shadow;326;false;0;947108;408716;0;-11;2090;2102;Frost;true
1547117217;617;6;MAGE-Frost,PRIEST-Discipline,ROGUE-Assassination;MONK-Mistweaver,PRIEST-Shadow,WARLOCK-Affliction;200;true;1;621590;119182;0;12;2062;2056;Frost;true
1547116924;1134;6;MAGE-Frost,PRIEST-Discipline,ROGUE-Assassination;DRUID-Balance,MONK-Mistweaver,SHAMAN-Elemental;190;true;1;642245;46191;0;12;2033;2032;Frost;true
1547116668;1134;6;MAGE-Frost,PRIEST-Discipline,ROGUE-Assassination;HUNTER-Survival,PALADIN-Protection,PRIEST-Discipline;295;true;1;1003675;110659;0;11;2002;2007;Frost;true
1547116344;980;6;MAGE-Frost,PRIEST-Discipline,ROGUE-Assassination;DRUID-Balance,MAGE-Frost,PALADIN-Holy;125;true;1;364698;66603;0;11;1972;1976;Frost;true
1546769067;1552;4;MAGE-Frost,PRIEST-Discipline;MONK-Mistweaver,WARRIOR-Fury;449;false;0;1198400;366050;0;-10;1904;1897;Frost;true
1546768577;1504;4;MAGE-Frost,PRIEST-Discipline;PRIEST-Discipline,ROGUE-Assassination;165;false;0;291974;143308;0;-10;1929;1935;Frost;true
1546768278;1505;4;MAGE-Frost,ROGUE-Assassination;DEATHKNIGHT-Unholy,MONK-Windwalker;147;true;1;225952;107220;0;12;1850;1839;Frost;true
1546768034;1672;4;MAGE-Frost,ROGUE-Assassination;DRUID-Feral,HUNTER-Beast Mastery;127;false;0;231850;58261;0;-11;1877;1877;Frost;true
1546332537;1672;4;DRUID-Restoration,MAGE-Frost;HUNTER-Survival,PALADIN-Holy;388;false;0;1116763;284827;0;-10;1927;1923;Frost;true
1546332117;1672;4;DRUID-Restoration,MAGE-Frost;PALADIN-Holy,ROGUE-Assassination;140;false;0;154378;20894;0;-8;1947;1989;Frost;true
1546331826;1825;4;DRUID-Restoration,MAGE-Frost;MAGE-Arcane,ROGUE-Subtlety;193;true;2;407597;120042;0;14;1919;1930;Frost;true
1546331240;1825;4;DRUID-Restoration,MAGE-Frost;DEATHKNIGHT-Unholy,MONK-Mistweaver;460;true;1;1865041;425362;0;14;1892;1899;Frost;true
1546330743;1672;4;DRUID-Restoration,MAGE-Frost;DEMONHUNTER-Havoc,DRUID-Restoration;355;true;1;1051481;208009;0;12;1868;1852;Frost;true
1546330326;1825;4;DRUID-Restoration,MAGE-Frost;DRUID-Restoration,PALADIN-Retribution;236;false;0;660871;162905;0;-10;1895;1893;Frost;true
1546326199;1504;4;MAGE-Frost,MONK-Mistweaver;DRUID-Feral,MONK-Mistweaver;271;false;0;570297;231329;0;-9;1937;1936;Frost;true
1546325896;1504;4;MAGE-Frost,MONK-Mistweaver;DRUID-Restoration,MONK-Windwalker;242;false;0;493690;196694;0;-9;1962;1965;Frost;true
1546325629;1911;4;MAGE-Frost,MONK-Mistweaver;PALADIN-Holy,ROGUE-Assassination;259;true;0;691355;136708;0;15;1935;1940;Frost;true
1546325251;617;4;MAGE-Frost,MONK-Mistweaver;PRIEST-Discipline,WARRIOR-Fury;291;true;0;757737;86324;0;15;1907;1920;Frost;true
1546324901;1552;4;MAGE-Frost,MONK-Mistweaver;MONK-Mistweaver,WARRIOR-Fury;349;true;1;1361374;162847;0;14;1880;1882;Frost;true
1546324507;1552;4;MAGE-Frost,MONK-Mistweaver;PRIEST-Discipline,ROGUE-Assassination;214;false;0;559940;138143;0;-9;1904;1923;Frost;true
1546267078;1552;6;MAGE-Frost,MONK-Mistweaver,ROGUE-Assassination;MONK-Windwalker,PRIEST-Discipline,PRIEST-Shadow;227;true;1;574273;199284;0;13;1996;2014;Frost;true
1546266770;1505;6;MAGE-Frost,MONK-Mistweaver,ROGUE-Assassination;MAGE-Fire,PALADIN-Holy,WARRIOR-Arms;283;false;0;732769;181456;0;-10;2016;2065;Frost;true
1546266362;1552;6;MAGE-Frost,MONK-Mistweaver,ROGUE-Assassination;MAGE-Fire,PRIEST-Discipline,ROGUE-Assassination;143;true;1;434586;37030;0;11;1996;1948;Frost;true
1546266054;617;6;MAGE-Frost,MONK-Mistweaver,ROGUE-Assassination;PALADIN-Holy,PRIEST-Shadow,SHAMAN-Elemental;445;true;0;1247109;379595;0;13;1964;1998;Frost;true
1546265519;1911;6;MAGE-Frost,MONK-Mistweaver,ROGUE-Assassination;DEATHKNIGHT-Unholy,MONK-Mistweaver,WARRIOR-Arms;302;false;0;816015;253211;0;-11;1989;2009;Frost;true
1546265196;1552;6;MAGE-Frost,MONK-Mistweaver,ROGUE-Assassination;DEMONHUNTER-Havoc,PRIEST-Discipline,WARRIOR-Arms;168;true;1;334804;196379;0;11;1964;1944;Frost;true
1546264979;1672;6;MAGE-Frost,MONK-Mistweaver,ROGUE-Assassination;MONK-Mistweaver,PRIEST-Shadow,SHAMAN-Elemental;195;true;0;480496;89724;0;12;1928;1960;Frost;true
1546264663;572;6;MAGE-Frost,MONK-Mistweaver,ROGUE-Assassination;DRUID-Balance,MONK-Mistweaver,PRIEST-Shadow;289;true;1;893504;295772;0;10;1899;1901;Frost;true
1546264337;980;6;MAGE-Frost,MONK-Mistweaver,ROGUE-Assassination;MAGE-Fire,MONK-Mistweaver,PRIEST-Shadow;590;false;0;2375580;488645;0;-14;1930;1920;Frost;true
1546263554;572;6;MAGE-Frost,MONK-Mistweaver,ROGUE-Assassination;MONK-Mistweaver,MONK-Windwalker,PALADIN-Retribution;118;false;0;246600;4391;0;-13;1958;1965;Frost;true
1546263409;1825;6;MAGE-Frost,MONK-Mistweaver,ROGUE-Assassination;DEATHKNIGHT-Unholy,PALADIN-Holy,WARRIOR-Arms;138;true;1;290769;74803;0;10;1929;1927;Frost;true
1546263237;617;6;MAGE-Frost,MONK-Mistweaver,ROGUE-Assassination;DRUID-Balance,MONK-Windwalker,PRIEST-Discipline;284;false;0;395753;259017;0;-12;1954;1975;Frost;true
1546262853;1825;6;MAGE-Frost,MONK-Mistweaver,ROGUE-Assassination;DEATHKNIGHT-Unholy,MONK-Mistweaver,WARRIOR-Arms;127;true;1;147839;88816;0;10;1927;1916;Frost;true
1546262649;1911;6;MAGE-Frost,MONK-Mistweaver,ROGUE-Assassination;DRUID-Restoration,MONK-Windwalker,SHAMAN-Elemental;347;false;0;936361;215009;0;-13;1956;1958;Frost;true
1546262275;1911;6;MAGE-Frost,MONK-Mistweaver,ROGUE-Assassination;DEATHKNIGHT-Unholy,PALADIN-Holy,WARRIOR-Arms;185;true;1;424010;96079;0;10;1927;1926;Frost;true
1546262041;980;6;MAGE-Frost,MONK-Mistweaver,ROGUE-Assassination;DEATHKNIGHT-Unholy,MONK-Windwalker,PALADIN-Holy;190;true;1;335098;219108;0;10;1896;1903;Frost;true
1546261831;1505;6;MAGE-Frost,MONK-Mistweaver,ROGUE-Assassination;DEATHKNIGHT-Unholy,DRUID-Restoration,WARRIOR-Arms;195;true;0;617383;80293;0;8;1873;1839;Frost;true
1546261514;1825;6;MAGE-Frost,MONK-Mistweaver,ROGUE-Assassination;HUNTER-Survival,PALADIN-Retribution,PRIEST-Discipline;278;true;1;756041;324991;0;8;1845;1840;Frost;true
1546261202;1825;6;MAGE-Frost,MONK-Mistweaver,ROGUE-Assassination;DEATHKNIGHT-Unholy,MONK-Mistweaver,WARRIOR-Arms;256;false;0;481103;287172;0;-15;1875;1869;Frost;true
1546260917;1911;6;MAGE-Frost,MONK-Mistweaver,ROGUE-Assassination;DEATHKNIGHT-Unholy,PALADIN-Holy,WARRIOR-Arms;128;false;0;131646;91158;0;-15;1908;1895;Frost;true
1546260717;1552;6;MAGE-Frost,MONK-Mistweaver,ROGUE-Assassination;PALADIN-Holy,ROGUE-Assassination,WARLOCK-Destruction;196;false;0;373210;158606;0;-14;1940;1930;Frost;true
1546260465;1672;6;MAGE-Frost,MONK-Mistweaver,ROGUE-Assassination;DEATHKNIGHT-Unholy,MONK-Mistweaver,PALADIN-Retribution;216;true;0;731012;141094;0;9;1912;1896;Frost;true
1546259801;980;6;MAGE-Fire,MAGE-Frost,MONK-Mistweaver;DRUID-Balance,MONK-Mistweaver,ROGUE-Assassination;455;false;0;1411715;250241;0;-12;1975;1997;Frost;true
1546259323;980;6;MAGE-Fire,MAGE-Frost,MONK-Mistweaver;PALADIN-Holy,ROGUE-Subtlety,WARLOCK-Destruction;142;false;0;329249;80848;0;-12;2004;2012;Frost;true
1546259118;1552;6;MAGE-Fire,MAGE-Frost,MONK-Mistweaver;DEATHKNIGHT-Frost,DEMONHUNTER-Havoc,MONK-Mistweaver;488;true;2;2307496;323451;0;10;1977;1954;Frost;true
1546257787;1505;6;MAGE-Frost,SHAMAN-Restoration,WARLOCK-Demonology;MONK-Mistweaver,PRIEST-Shadow,WARRIOR-Fury;472;true;0;1148058;754916;0;14;2037;2034;Frost;true
1546257283;1672;6;MAGE-Frost,SHAMAN-Restoration,WARLOCK-Demonology;DRUID-Feral,PALADIN-Holy,WARRIOR-Arms;152;false;0;231634;212172;0;-10;2068;2059;Frost;true
1546257038;617;6;MAGE-Frost,SHAMAN-Restoration,WARLOCK-Demonology;MONK-Mistweaver,WARLOCK-Affliction,WARLOCK-Destruction;577;false;0;1777524;939188;0;-9;2096;2101;Frost;true
1546256424;1672;6;MAGE-Frost,SHAMAN-Restoration,WARLOCK-Demonology;ROGUE-Assassination,SHAMAN-Enhancement,SHAMAN-Restoration;245;true;0;725589;106953;0;14;2071;2049;Frost;true
1546256130;1825;6;MAGE-Frost,SHAMAN-Restoration,WARLOCK-Demonology;DRUID-Restoration,SHAMAN-Elemental,WARLOCK-Destruction;473;false;0;1112298;533418;0;-8;2098;2109;Frost;true
1546255634;1552;6;MAGE-Frost,SHAMAN-Restoration,WARLOCK-Demonology;HUNTER-Survival,PALADIN-Holy,PRIEST-Shadow;102;true;0;147224;40692;0;15;2067;2077;Frost;true
1546255484;1505;6;MAGE-Frost,SHAMAN-Restoration,WARLOCK-Demonology;DRUID-Balance,PRIEST-Shadow,SHAMAN-Restoration;361;true;2;1179750;341348;0;14;2040;2028;Frost;true
1546255024;1672;6;MAGE-Frost,SHAMAN-Restoration,WARLOCK-Demonology;DRUID-Restoration,HUNTER-Survival,MAGE-Frost;117;false;0;43393;128435;0;-9;2067;2078;Frost;true
1546254854;1552;6;MAGE-Frost,SHAMAN-Restoration,WARLOCK-Demonology;DEATHKNIGHT-Unholy,MONK-Mistweaver,WARRIOR-Arms;221;false;0;757905;93390;0;-8;2095;2105;Frost;true
1546254606;1672;6;MAGE-Frost,SHAMAN-Restoration,WARLOCK-Demonology;DRUID-Restoration,PALADIN-Retribution,WARRIOR-Arms;178;false;0;519458;201992;0;0;2121;2135;Frost;true
1546254353;1504;6;MAGE-Frost,SHAMAN-Restoration,WARLOCK-Demonology;DRUID-Restoration,PALADIN-Retribution,SHAMAN-Enhancement;239;false;0;672474;352840;0;0;2152;2143;Frost;true
1546254080;1134;6;MAGE-Frost,SHAMAN-Restoration,WARLOCK-Demonology;MAGE-Frost,PRIEST-Discipline,ROGUE-Subtlety;335;true;0;689604;584228;0;18;2117;2146;Frost;true
1546253715;1505;6;MAGE-Frost,SHAMAN-Restoration,WARLOCK-Demonology;DRUID-Restoration,SHAMAN-Elemental,WARLOCK-Destruction;600;false;0;1898226;688098;0;0;2145;2149;Frost;true
1546252984;617;6;MAGE-Frost,SHAMAN-Restoration,WARLOCK-Demonology;MONK-Mistweaver,ROGUE-Assassination,ROGUE-Subtlety;145;true;1;374073;13104;0;17;2118;2107;Frost;true
1546252811;1911;6;MAGE-Frost,SHAMAN-Restoration,WARLOCK-Demonology;MONK-Mistweaver,PRIEST-Shadow,ROGUE-Assassination;399;false;0;819871;527000;0;0;2142;2170;Frost;true
1546252374;1911;6;MAGE-Frost,SHAMAN-Restoration,WARLOCK-Demonology;DRUID-Restoration,SHAMAN-Elemental,WARLOCK-Destruction;274;true;2;899747;232423;0;18;2112;2117;Frost;true
1546252069;617;6;MAGE-Frost,SHAMAN-Restoration,WARLOCK-Demonology;MONK-Mistweaver,PRIEST-Shadow,ROGUE-Assassination;476;true;2;1301046;690164;0;17;2083;2081;Frost;true
1546251575;1134;6;MAGE-Frost,SHAMAN-Restoration,WARLOCK-Demonology;DEATHKNIGHT-Unholy,DRUID-Balance,DRUID-Restoration;650;true;0;1829684;634489;0;16;2058;2034;Frost;true
1546250832;572;6;MAGE-Frost,SHAMAN-Restoration,WARLOCK-Demonology;MAGE-Fire,MONK-Mistweaver,ROGUE-Assassination;260;true;0;528369;109561;0;17;2030;2023;Frost;true
1546250548;1825;6;MAGE-Frost,SHAMAN-Restoration,WARLOCK-Demonology;DRUID-Balance,PRIEST-Discipline,SHAMAN-Elemental;111;false;0;10570;66769;0;-6;2058;2068;Frost;true
1546250204;1505;6;MAGE-Frost,SHAMAN-Restoration,WARLOCK-Destruction;DRUID-Balance,PRIEST-Shadow,SHAMAN-Restoration;273;false;0;981553;229560;0;0;2093;2069;Frost;true
1546249820;1552;6;MAGE-Frost,SHAMAN-Restoration,WARLOCK-Destruction;MONK-Mistweaver,SHAMAN-Elemental,WARLOCK-Affliction;283;false;0;1056777;177036;0;0;2128;2107;Frost;true
1546249503;1504;6;MAGE-Frost,SHAMAN-Restoration,WARLOCK-Destruction;HUNTER-Survival,MONK-Mistweaver,ROGUE-Assassination;206;true;1;786544;41984;0;19;2095;2099;Frost;true
1546249204;1504;6;MAGE-Frost,SHAMAN-Restoration,WARLOCK-Destruction;DRUID-Balance,MONK-Windwalker,PALADIN-Holy;159;true;0;277933;216519;0;18;2060;2064;Frost;true
1546248882;1672;6;MAGE-Frost,SHAMAN-Restoration,WARLOCK-Destruction;MAGE-Fire,PALADIN-Holy,ROGUE-Assassination;511;true;2;1977654;96708;0;18;2026;2017;Frost;true
1546248205;1552;4;DRUID-Restoration,MAGE-Frost;DEATHKNIGHT-Unholy,PRIEST-Discipline;136;false;0;177754;95221;0;-10;1907;1898;Frost;true
1546247965;572;4;DRUID-Restoration,MAGE-Frost;ROGUE-Assassination,SHAMAN-Restoration;438;false;0;1231408;348291;0;-9;1934;1929;Frost;true
1546247494;1672;4;DRUID-Restoration,MAGE-Frost;DRUID-Restoration,WARRIOR-Fury;615;false;0;1550346;412600;0;-9;1960;1961;Frost;true
1546246835;980;4;DRUID-Restoration,MAGE-Frost;PRIEST-Shadow,ROGUE-Assassination;166;true;2;405922;138596;0;15;1935;1925;Frost;true
1546246622;617;4;DRUID-Restoration,MAGE-Frost;MAGE-Fire,PRIEST-Discipline;447;false;0;1138167;373091;0;-8;1960;1966;Frost;true
1546246150;980;4;DRUID-Restoration,MAGE-Frost;PRIEST-Discipline,ROGUE-Assassination;265;true;1;614922;215719;0;15;1934;1933;Frost;true
1546245859;572;4;DRUID-Restoration,MAGE-Frost;DRUID-Balance,MONK-Mistweaver;276;false;0;620862;304504;0;-8;1961;1959;Frost;true
1546245334;617;4;MAGE-Frost,PRIEST-Discipline;MONK-Mistweaver,WARRIOR-Fury;377;true;1;1346872;41708;0;15;1911;1912;Frost;true
1546244908;1825;4;MAGE-Frost,PRIEST-Discipline;DEMONHUNTER-Havoc,DRUID-Restoration;411;true;0;1188318;231348;0;14;1886;1872;Frost;true
1546244474;1911;4;MAGE-Frost,PRIEST-Discipline;DRUID-Restoration,PALADIN-Retribution;409;true;0;1518436;347998;0;14;1861;1858;Frost;true
1546244034;1911;4;MAGE-Frost,PRIEST-Discipline;PRIEST-Discipline,ROGUE-Assassination;174;true;2;347473;102676;0;14;1834;1836;Frost;true
1546243688;572;4;MAGE-Frost,ROGUE-Assassination;PALADIN-Holy,ROGUE-Assassination;193;false;0;227100;80468;0;-14;1745;1755;Frost;true
1546243448;1504;4;MAGE-Frost,ROGUE-Assassination;DRUID-Restoration,HUNTER-Beast Mastery;164;false;0;60285;129656;0;-14;1774;1769;Frost;true
1546243260;1825;4;MAGE-Frost,ROGUE-Assassination;MONK-Mistweaver,WARRIOR-Fury;179;false;0;262675;89733;0;-11;1793;1865;Frost;true
1546243014;1504;4;MAGE-Frost,ROGUE-Assassination;ROGUE-Assassination,SHAMAN-Restoration;134;false;0;115442;99194;0;-7;1825;1816;Frost;true
1546242830;980;4;MAGE-Frost,ROGUE-Assassination;DRUID-Restoration,ROGUE-Outlaw;160;true;0;241175;42010;0;11;1793;1786;Frost;true
1545908697;1504;6;MAGE-Frost,MONK-Mistweaver,WARLOCK-Affliction;HUNTER-Survival,PRIEST-Discipline,PRIEST-Shadow;365;false;0;1292758;577406;0;-10;1898;1900;Frost;true
1545908226;1911;6;MAGE-Frost,MONK-Mistweaver,WARLOCK-Affliction;DRUID-Restoration,MAGE-Frost,PRIEST-Shadow;746;true;1;2168518;595231;0;13;1870;1863;Frost;true
1545907431;617;6;MAGE-Frost,MONK-Mistweaver,WARLOCK-Affliction;MAGE-Fire,PALADIN-Holy,ROGUE-Assassination;282;false;0;589725;153757;0;-10;1901;1895;Frost;true
1545906854;1825;6;MAGE-Frost,MONK-Mistweaver,WARLOCK-Affliction;DEATHKNIGHT-Unholy,DRUID-Restoration,PRIEST-Shadow;506;true;0;1443863;555945;0;14;1869;1878;Frost;true
1545906301;1825;6;MAGE-Frost,MONK-Mistweaver,WARLOCK-Affliction;DEATHKNIGHT-Unholy,MONK-Mistweaver,WARRIOR-Arms;272;true;0;875489;157667;0;13;1840;1841;Frost;true
1545905985;1504;6;MAGE-Frost,MONK-Mistweaver,WARLOCK-Affliction;DRUID-Balance,SHAMAN-Restoration,WARLOCK-Affliction;181;false;0;476769;203255;0;-11;1871;1862;Frost;true
1545905742;1825;6;MAGE-Frost,MONK-Mistweaver,WARLOCK-Affliction;HUNTER-Beast Mastery,MONK-Mistweaver,WARRIOR-Fury;120;true;0;198355;0;0;13;1841;1841;Frost;true
1545892686;1134;6;MAGE-Frost,MONK-Mistweaver,MONK-Windwalker;DEATHKNIGHT-Frost,DRUID-Restoration,MONK-Windwalker;333;true;2;736330;308296;0;5;1778;1560;Frost;true
1545892334;980;6;MAGE-Frost,MONK-Mistweaver,MONK-Windwalker;DEATHKNIGHT-Unholy,DRUID-Restoration,ROGUE-Assassination;128;true;0;360046;12660;0;4;1761;1524;Frost;true
1545892108;1504;6;MAGE-Frost,MONK-Mistweaver,MONK-Windwalker;DEATHKNIGHT-Unholy,DRUID-Restoration,PRIEST-Shadow;173;true;1;229682;246122;0;3;1746;1472;Frost;true
1545882445;617;6;MAGE-Frost,MONK-Mistweaver,PRIEST-Shadow;MAGE-Fire,SHAMAN-Restoration,WARLOCK-Destruction;189;true;0;451600;91962;0;5;1666;1575;Frost;true
1545882219;1504;6;MAGE-Frost,MONK-Mistweaver,PRIEST-Shadow;DEATHKNIGHT-Unholy,PALADIN-Retribution,SHAMAN-Restoration;279;true;1;887734;178540;0;5;1636;1546;Frost;true
1545881903;1825;6;MAGE-Frost,MONK-Mistweaver,PRIEST-Shadow;HUNTER-Beast Mastery,PALADIN-Retribution,PRIEST-Discipline;121;false;0;165399;44482;0;-19;1738;1600;Frost;true
1545881669;1672;6;MAGE-Frost,MONK-Mistweaver,PRIEST-Shadow;DEMONHUNTER-Havoc,HUNTER-Survival,PALADIN-Holy;298;true;1;983834;87081;0;5;1713;1588;Frost;true
1545881351;1504;6;MAGE-Frost,MONK-Mistweaver,PRIEST-Shadow;DEATHKNIGHT-Unholy,MONK-Mistweaver,WARRIOR-Arms;186;true;1;582740;187974;0;6;1665;1626;Frost;true
1545881097;1505;6;MAGE-Frost,MONK-Mistweaver,PRIEST-Shadow;MAGE-Arcane,PRIEST-Discipline,ROGUE-Assassination;161;true;1;271929;113362;0;5;1605;1560;Frost;true
1545880891;1911;6;MAGE-Frost,MONK-Mistweaver,PRIEST-Shadow;DEATHKNIGHT-Unholy,MONK-Mistweaver,WARRIOR-Arms;440;false;0;1531886;503982;0;-20;1748;1559;Frost;true
1545869004;1825;4;DRUID-Restoration,MAGE-Frost;MONK-Mistweaver,SHAMAN-Elemental;290;true;1;1049392;235095;0;16;1960;1936;Frost;true
1545868683;1552;4;DRUID-Restoration,MAGE-Frost;DEATHKNIGHT-Unholy,MONK-Mistweaver;330;true;2;1492249;95068;0;17;1934;1935;Frost;true
1545868320;1825;4;DRUID-Restoration,MAGE-Frost;MONK-Mistweaver,ROGUE-Assassination;427;true;1;1424208;152292;0;16;1910;1893;Frost;true
1545867820;1672;4;DRUID-Restoration,MAGE-Frost;DEMONHUNTER-Havoc,MONK-Mistweaver;517;false;0;1381947;274127;0;0;1937;1928;Frost;true
1545867157;1134;4;DRUID-Restoration,MAGE-Frost;PALADIN-Holy,WARLOCK-Demonology;123;true;1;339627;72793;0;17;1913;1899;Frost;true
1545866984;1504;4;DRUID-Restoration,MAGE-Frost;DEATHKNIGHT-Unholy,MONK-Mistweaver;637;true;1;2051257;233337;0;17;1884;1903;Frost;true
1545866322;1552;4;DRUID-Restoration,MAGE-Frost;DRUID-Restoration,ROGUE-Assassination;511;true;0;1568892;384788;0;16;1860;1842;Frost;true
1545865725;1134;4;DRUID-Restoration,MAGE-Frost;PRIEST-Discipline,WARLOCK-Destruction;332;false;0;603372;267424;0;0;1888;1883;Frost;true
1545865358;1672;4;DRUID-Restoration,MAGE-Frost;PALADIN-Holy,WARLOCK-Demonology;440;true;2;1540678;507012;0;16;1864;1845;Frost;true
1545864826;1672;4;DRUID-Restoration,MAGE-Frost;DEATHKNIGHT-Unholy,PRIEST-Discipline;309;false;1;1208498;241343;0;0;1891;1888;Frost;true
1545570078;1552;6;MAGE-Frost,SHAMAN-Restoration,WARLOCK-Affliction;PALADIN-Holy,PRIEST-Shadow,SHAMAN-Elemental;584;true;2;2324142;712544;0;14;1868;1868;Frost;true
1545569385;1825;6;MAGE-Frost,SHAMAN-Restoration,WARLOCK-Affliction;HUNTER-Survival,PRIEST-Shadow,SHAMAN-Restoration;376;false;0;1307019;278727;0;-9;1898;1896;Frost;true
1545568959;1672;6;MAGE-Frost,SHAMAN-Restoration,WARLOCK-Affliction;MAGE-Fire,PALADIN-Holy,SHAMAN-Elemental;124;false;0;303207;74004;0;-8;1924;1939;Frost;true
1545568759;1825;6;MAGE-Frost,SHAMAN-Restoration,WARLOCK-Affliction;DRUID-Feral,HUNTER-Survival,PALADIN-Holy;260;false;0;1169345;209736;0;-7;1954;1949;Frost;true
1545568422;1504;6;MAGE-Frost,SHAMAN-Restoration,WARLOCK-Affliction;DEATHKNIGHT-Unholy,SHAMAN-Restoration,WARRIOR-Arms;243;true;2;669375;147290;0;16;1922;1938;Frost;true
1545568087;1134;6;MAGE-Frost,SHAMAN-Restoration,WARLOCK-Affliction;PRIEST-Shadow,SHAMAN-Restoration,WARRIOR-Arms;202;true;2;555501;281246;0;15;1894;1885;Frost;true
1545567831;980;6;MAGE-Frost,SHAMAN-Restoration,WARLOCK-Affliction;DEATHKNIGHT-Unholy,DRUID-Feral,PALADIN-Holy;141;true;0;478918;36700;0;15;1866;1859;Frost;true
1545567657;1134;6;MAGE-Frost,SHAMAN-Restoration,WARLOCK-Affliction;DEATHKNIGHT-Unholy,DEMONHUNTER-Havoc,PRIEST-Discipline;262;true;1;471654;556706;0;14;1839;1836;Frost;true
1545567359;1505;6;MAGE-Frost,SHAMAN-Restoration,WARLOCK-Affliction;DRUID-Balance,PALADIN-Holy,PRIEST-Shadow;281;true;2;1015182;400088;0;14;1811;1802;Frost;true
1545566955;572;6;DRUID-Restoration,MAGE-Frost,WARLOCK-Demonology;DEATHKNIGHT-Unholy,DRUID-Restoration,PRIEST-Shadow;407;false;0;1531982;282601;0;-10;1829;1827;Frost;true
1545566394;1505;6;MAGE-Frost,SHAMAN-Restoration,WARLOCK-Destruction;DRUID-Balance,HUNTER-Survival,PRIEST-Discipline;498;false;0;1764886;178032;0;-9;1857;1865;Frost;true
1545565481;572;6;MAGE-Frost,SHAMAN-Restoration,WARLOCK-Destruction;PRIEST-Shadow,ROGUE-Assassination,SHAMAN-Restoration;545;false;0;1586745;529694;0;-8;1883;1898;Frost;true
1545564882;1552;6;MAGE-Frost,SHAMAN-Restoration,WARLOCK-Destruction;DEATHKNIGHT-Unholy,PALADIN-Holy,WARRIOR-Fury;201;true;0;615725;89413;0;15;1851;1866;Frost;true
1545564651;572;6;MAGE-Frost,SHAMAN-Restoration,WARLOCK-Destruction;DEMONHUNTER-Havoc,PALADIN-Holy,WARLOCK-Affliction;561;false;0;2086198;418494;0;-8;1881;1879;Frost;true
1545563899;1134;6;DRUID-Restoration,MAGE-Frost,WARLOCK-Affliction;DEMONHUNTER-Havoc,MONK-Mistweaver,WARLOCK-Affliction;363;false;0;1193313;352148;0;-8;1879;1892;Frost;true
1545563494;1552;6;DRUID-Restoration,MAGE-Frost,WARLOCK-Affliction;DRUID-Balance,PRIEST-Shadow,SHAMAN-Restoration;524;false;0;1530278;755764;0;-8;1906;1919;Frost;true
1545562895;1505;6;DRUID-Restoration,MAGE-Frost,WARLOCK-Affliction;DEATHKNIGHT-Unholy,SHAMAN-Restoration,WARRIOR-Arms;487;false;0;1439930;699839;0;0;1936;1931;Frost;true
1545562372;572;6;DRUID-Restoration,MAGE-Frost,WARLOCK-Affliction;MAGE-Fire,PRIEST-Discipline,ROGUE-Assassination;307;true;0;1219206;20161;0;17;1907;1908;Frost;true
1545562038;572;6;DRUID-Restoration,MAGE-Frost,WARLOCK-Affliction;DEATHKNIGHT-Unholy,MONK-Mistweaver,PRIEST-Shadow;211;false;0;498423;384335;0;0;1937;1932;Frost;true
1545561569;572;5;DRUID-Restoration,MAGE-Frost,WARLOCK-Affliction;DEMONHUNTER-Havoc,PALADIN-Holy;128;true;2;250077;39146;0;17;1907;1910;Frost;true
1545561382;1504;6;DRUID-Restoration,MAGE-Frost,WARLOCK-Affliction;DEATHKNIGHT-Unholy,DRUID-Balance,PALADIN-Holy;262;true;0;1070290;50848;0;17;1877;1882;Frost;true
1545561055;1505;6;DRUID-Restoration,MAGE-Frost,WARLOCK-Affliction;DEATHKNIGHT-Unholy,DEMONHUNTER-Havoc,SHAMAN-Restoration;287;true;0;786182;220812;0;16;1854;1831;Frost;true
1545560666;1134;6;DRUID-Restoration,MAGE-Frost,WARLOCK-Affliction;MAGE-Fire,PRIEST-Discipline,ROGUE-Assassination;377;true;0;900277;507859;0;16;1822;1835;Frost;true
1545560217;1504;6;DRUID-Restoration,MAGE-Frost,WARLOCK-Affliction;HUNTER-Beast Mastery,MONK-Mistweaver,WARRIOR-Arms;296;true;0;902894;377385;0;15;1793;1792;Frost;true
1545559890;1672;6;DRUID-Restoration,MAGE-Frost,WARLOCK-Affliction;MONK-Mistweaver,WARLOCK-Destruction,WARRIOR-Arms;323;false;0;1135414;234254;0;-9;1827;1801;Frost;true
1545559517;572;6;DRUID-Restoration,MAGE-Frost,WARLOCK-Affliction;DEATHKNIGHT-Unholy,DRUID-Restoration,WARRIOR-Arms;123;true;1;362216;0;0;16;1798;1799;Frost;true
1545559314;1552;6;DRUID-Restoration,MAGE-Frost,WARLOCK-Affliction;DRUID-Feral,HUNTER-Survival,PRIEST-Discipline;314;true;0;1164184;81555;0;15;1772;1753;Frost;true
1545558919;1911;6;DRUID-Restoration,MAGE-Frost,WARLOCK-Affliction;DEATHKNIGHT-Unholy,PRIEST-Discipline,ROGUE-Subtlety;226;false;0;498589;354271;0;-7;1796;1817;Frost;true
1545558654;1504;6;DRUID-Restoration,MAGE-Frost,WARLOCK-Affliction;HUNTER-Beast Mastery,PALADIN-Holy,ROGUE-Assassination;117;false;0;159223;116842;0;-5;1823;1834;Frost;true
1545558469;1672;6;DRUID-Restoration,MAGE-Frost,WARLOCK-Affliction;HUNTER-Marksmanship,PALADIN-Retribution,PRIEST-Discipline;210;false;0;740585;154948;0;0;1853;1850;Frost;true
1545558209;1825;6;DRUID-Restoration,MAGE-Frost,WARLOCK-Affliction;MAGE-Frost,PRIEST-Discipline,ROGUE-Assassination;169;false;0;373358;100827;0;0;1881;1890;Frost;true
1545557419;1134;6;DRUID-Restoration,MAGE-Frost,WARLOCK-Affliction;DRUID-Balance,PRIEST-Discipline,WARLOCK-Destruction;458;true;1;1823564;474599;0;18;1851;1852;Frost;true
1545556930;1134;6;DRUID-Restoration,MAGE-Frost,WARLOCK-Affliction;HUNTER-Beast Mastery,PALADIN-Retribution,SHAMAN-Restoration;171;true;1;615814;58204;0;18;1819;1829;Frost;true
1545556733;1504;6;DRUID-Restoration,MAGE-Frost,WARLOCK-Affliction;SHAMAN-Elemental,SHAMAN-Restoration,WARRIOR-Arms;223;false;0;480680;67195;0;0;1826;2002;Frost;true
1545555873;572;6;DRUID-Restoration,MAGE-Frost,WARLOCK-Affliction;DRUID-Balance,PALADIN-Holy,SHAMAN-Elemental;311;true;2;1001943;267683;0;17;1796;1798;Frost;true
1545555507;617;6;DRUID-Restoration,MAGE-Frost,WARLOCK-Affliction;DEATHKNIGHT-Unholy,MONK-Windwalker,PALADIN-Holy;144;false;0;335949;88334;0;-6;1829;1819;Frost;true
1545555302;1504;5;MAGE-Frost,WARLOCK-Affliction;DEMONHUNTER-Havoc,DRUID-Balance,SHAMAN-Restoration;98;false;0;64747;40616;0;-5;1859;1867;Frost;true
1545555160;572;6;DRUID-Restoration,MAGE-Frost,WARLOCK-Affliction;PALADIN-Holy,PRIEST-Shadow,WARLOCK-Affliction;256;true;1;918992;270261;0;18;1826;1827;Frost;true
1545554838;1825;6;DRUID-Restoration,MAGE-Frost,WARLOCK-Affliction;DRUID-Restoration,PRIEST-Shadow,SHAMAN-Elemental;280;true;1;1121839;190111;0;18;1791;1789;Frost;true
1545473681;617;6;MAGE-Frost,SHAMAN-Restoration,WARLOCK-Affliction;DEATHKNIGHT-Unholy,DRUID-Balance,MONK-Mistweaver;191;false;0;514463;154900;0;-12;1613;1599;Frost;true
1545473415;1672;6;MAGE-Frost,SHAMAN-Restoration,WARLOCK-Affliction;MAGE-Frost,PALADIN-Holy,PRIEST-Shadow;277;false;0;337243;225783;0;-12;1649;1638;Frost;true
1545473113;1672;6;MAGE-Frost,SHAMAN-Restoration,WARLOCK-Affliction;DEATHKNIGHT-Unholy,PALADIN-Retribution,PRIEST-Discipline;208;false;0;596650;284509;0;-9;1669;1738;Frost;true
1545472866;980;6;MAGE-Frost,SHAMAN-Restoration,WARLOCK-Affliction;DEATHKNIGHT-Frost,DEMONHUNTER-Havoc,PRIEST-Holy;149;true;2;438421;24856;0;12;1640;1618;Frost;true
1545472663;617;6;MAGE-Frost,SHAMAN-Restoration,WARLOCK-Affliction;SHAMAN-Restoration,WARLOCK-Affliction,WARRIOR-Arms;208;true;0;588876;231698;0;11;1610;1586;Frost;true
1545472408;1825;6;MAGE-Frost,SHAMAN-Restoration,WARLOCK-Affliction;MAGE-Fire,PRIEST-Discipline,ROGUE-Assassination;202;false;0;357538;83342;0;-12;1657;1629;Frost;true
1545472111;980;6;MAGE-Frost,SHAMAN-Restoration,WARLOCK-Affliction;DEATHKNIGHT-Frost,MONK-Mistweaver,WARRIOR-Arms;133;true;1;383217;21230;0;11;1630;1589;Frost;true
1545471911;617;6;MAGE-Frost,SHAMAN-Restoration,WARLOCK-Affliction;HUNTER-Beast Mastery,PRIEST-Holy,WARRIOR-Arms;144;true;0;497994;137236;0;10;1607;1536;Frost;true
1545471672;1505;6;MAGE-Frost,SHAMAN-Restoration,WARLOCK-Affliction;DRUID-Balance,MONK-Mistweaver,WARRIOR-Fury;402;true;0;1710910;368891;0;13;1563;1607;Frost;true
1545471231;1911;6;MAGE-Frost,SHAMAN-Restoration,WARLOCK-Affliction;MAGE-Fire,PALADIN-Retribution,PRIEST-Discipline;217;true;0;765303;55056;0;9;1529;1500;Frost;true
1545444840;1825;6;MAGE-Frost,MONK-Mistweaver,WARLOCK-Destruction;DRUID-Restoration,PRIEST-Shadow,WARLOCK-Affliction;158;false;0;263105;88283;0;-10;1637;1668;Frost;true
1545444618;1504;6;MAGE-Frost,MONK-Mistweaver,WARLOCK-Destruction;DRUID-Balance,PALADIN-Holy,ROGUE-Outlaw;147;true;1;210204;64312;0;14;1604;1646;Frost;true
1545444400;617;6;MAGE-Frost,MONK-Mistweaver,WARLOCK-Destruction;DRUID-Balance,MONK-Windwalker,PALADIN-Holy;222;true;2;488339;17480;0;12;1574;1574;Frost;true
1545444143;1504;6;MAGE-Frost,MONK-Mistweaver,WARLOCK-Destruction;HUNTER-Beast Mastery,MAGE-Fire,PRIEST-Holy;262;true;1;1051329;45884;0;18;1523;1760;Frost;true
1545443801;980;6;MAGE-Frost,MONK-Mistweaver,WARLOCK-Destruction;HUNTER-Survival,MONK-Mistweaver,ROGUE-Assassination;446;false;0;1446331;424246;0;-13;1555;1550;Frost;true
1545443301;980;6;MAGE-Frost,MONK-Mistweaver,WARLOCK-Destruction;HUNTER-Survival,MONK-Mistweaver,PALADIN-Retribution;218;false;0;740819;34060;0;-7;1562;1758;Frost;true
1545443039;980;6;MAGE-Frost,MONK-Mistweaver,WARLOCK-Destruction;DEATHKNIGHT-Unholy,DRUID-Feral,MONK-Mistweaver;190;true;3;758138;40663;0;16;1516;1703;Frost;true
1545442784;617;6;MAGE-Frost,MONK-Mistweaver,WARLOCK-Destruction;DRUID-Balance,MONK-Mistweaver,ROGUE-Assassination;159;false;1;350886;166294;0;-4;1519;1838;Frost;true
1545442565;980;6;MAGE-Frost,MONK-Mistweaver,WARLOCK-Destruction;ROGUE-Assassination,SHAMAN-Restoration,WARLOCK-Affliction;295;true;1;783793;101721;0;10;1488;1499;Frost;true
1545442208;1911;6;MAGE-Frost,MONK-Mistweaver,WARLOCK-Destruction;DEMONHUNTER-Havoc,PRIEST-Discipline,WARRIOR-Fury;151;true;0;302376;31088;0;14;1449;1602;Frost;true
1545442005;1825;6;MAGE-Frost,MONK-Mistweaver,WARLOCK-Destruction;HUNTER-Beast Mastery,MAGE-Fire,MONK-Mistweaver;183;false;0;275599;85921;0;-14;1479;1514;Frost;true
1545441794;1504;6;MAGE-Frost,MONK-Mistweaver,WARLOCK-Destruction;PALADIN-Holy,PALADIN-Retribution,ROGUE-Assassination;161;false;0;383400;165708;0;-12;1502;1590;Frost;true
1545441615;1552;6;MAGE-Frost,MONK-Mistweaver,WARLOCK-Destruction;HUNTER-Marksmanship,PRIEST-Discipline,WARRIOR-Fury;143;true;0;206096;6947;0;9;1457;1493;Frost;true
1545307956;1504;4;DRUID-Restoration,MAGE-Frost;PALADIN-Holy,WARRIOR-Arms;159;true;1;350072;19466;0;16;1817;1820;Frost;true
1545307726;617;4;DRUID-Restoration,MAGE-Frost;PALADIN-Holy,WARRIOR-Fury;137;false;0;208021;94622;0;0;1841;1856;Frost;true
1545307547;1505;4;DRUID-Restoration,MAGE-Frost;DRUID-Restoration,ROGUE-Assassination;333;true;1;1031433;154876;0;16;1817;1805;Frost;true
1545307136;1505;4;DRUID-Restoration,MAGE-Frost;MONK-Mistweaver,WARRIOR-Arms;346;false;0;868998;378358;0;0;1841;1853;Frost;true
1545306703;1505;4;DRUID-Restoration,MAGE-Frost;MAGE-Frost,PRIEST-Discipline;362;true;0;1004711;300409;0;17;1815;1812;Frost;true
1545306306;572;4;DRUID-Restoration,MAGE-Frost;PALADIN-Retribution,PRIEST-Discipline;386;false;0;972597;262184;0;0;1841;1847;Frost;true
1545305858;1825;4;DRUID-Restoration,MAGE-Frost;DEMONHUNTER-Havoc,PALADIN-Holy;181;true;1;449407;67866;0;18;1812;1828;Frost;true
1545305631;1911;4;DRUID-Restoration,MAGE-Frost;PALADIN-Holy,SHAMAN-Elemental;332;true;1;1102426;317548;0;17;1786;1779;Frost;true
1545305154;1505;4;DRUID-Restoration,MAGE-Frost;DRUID-Restoration,MAGE-Frost;346;true;1;1150468;224685;0;17;1760;1755;Frost;true
1545304760;1672;4;DRUID-Restoration,MAGE-Frost;HUNTER-Survival,PALADIN-Holy;352;true;1;1026770;243487;0;17;1734;1733;Frost;true
1545303989;1911;4;DRUID-Restoration,MAGE-Frost;MAGE-Frost,PRIEST-Discipline;153;true;1;234582;72720;0;16;1707;1705;Frost;true
1545303799;1134;4;DRUID-Restoration,MAGE-Frost;DEMONHUNTER-Havoc,PALADIN-Holy;296;false;0;773358;155316;0;-7;1733;1740;Frost;true
1545303462;1505;4;DRUID-Restoration,MAGE-Frost;ROGUE-Assassination,SHAMAN-Restoration;243;false;0;363070;242172;0;-7;1763;1753;Frost;true
1545303184;980;4;DRUID-Restoration,MAGE-Frost;PALADIN-Holy,WARRIOR-Fury;223;true;1;534482;78733;0;17;1734;1731;Frost;true
1545302921;572;4;DRUID-Restoration,MAGE-Frost;DEMONHUNTER-Havoc,PALADIN-Protection;301;true;1;1052415;201828;0;17;1704;1709;Frost;true
1545302599;572;4;DRUID-Restoration,MAGE-Frost;MONK-Mistweaver,ROGUE-Assassination;227;true;1;507729;152176;0;17;1672;1682;Frost;true
1545300903;980;6;MAGE-Frost,MONK-Windwalker,PRIEST-Discipline;DRUID-Restoration,PALADIN-Retribution,WARRIOR-Arms;207;true;1;643185;94335;0;10;1553;1507;Frost;true
1545300644;572;6;MAGE-Frost,MONK-Windwalker,PRIEST-Discipline;DRUID-Balance,ROGUE-Assassination,SHAMAN-Restoration;444;false;0;1197204;460899;0;-13;1613;1552;Frost;true
1545300176;1672;6;MAGE-Frost,MONK-Windwalker,PRIEST-Discipline;DEMONHUNTER-Havoc,DRUID-Restoration,WARRIOR-Arms;169;true;0;307045;54357;0;10;1589;1515;Frost;true
1545299907;572;6;MAGE-Frost,MONK-Windwalker,PRIEST-Discipline;DEATHKNIGHT-Frost,PALADIN-Retribution,SHAMAN-Restoration;174;true;1;339520;97883;0;11;1558;1523;Frost;true
1545299710;980;6;MAGE-Frost,MONK-Windwalker,PRIEST-Discipline;DEATHKNIGHT-Unholy,ROGUE-Outlaw,SHAMAN-Restoration;133;true;1;159340;63246;0;9;1529;1465;Frost;true
1545299495;1134;6;MAGE-Frost,MONK-Windwalker,PRIEST-Discipline;DEATHKNIGHT-Unholy,DRUID-Feral,PRIEST-Discipline;194;true;1;390851;133582;0;15;1467;1609;Frost;true
1545299238;617;6;MAGE-Frost,MONK-Windwalker,PRIEST-Discipline;DRUID-Balance,HUNTER-Marksmanship,SHAMAN-Restoration;284;false;0;471801;337545;0;-14;1525;1482;Frost;true
1545298914;1672;6;MAGE-Frost,MONK-Windwalker,PRIEST-Discipline;PRIEST-Shadow,ROGUE-Assassination,SHAMAN-Restoration;174;true;2;246902;82833;0;8;1492;1419;Frost;true
1545298717;572;6;MAGE-Frost,MONK-Windwalker,PRIEST-Discipline;DEMONHUNTER-Havoc,MONK-Mistweaver,PALADIN-Retribution;168;true;1;546611;38003;0;13;1415;1549;Frost;true
1545298232;1552;6;MAGE-Frost,MONK-Windwalker,SHAMAN-Restoration;DEATHKNIGHT-Frost,MONK-Mistweaver,PALADIN-Retribution;331;false;0;1355004;167788;0;-16;1503;1429;Frost;true
1545297707;1911;6;MAGE-Frost,MONK-Windwalker,SHAMAN-Restoration;MONK-Mistweaver,SHAMAN-Elemental,WARRIOR-Fury;133;false;0;201373;39658;0;-11;1560;1562;Frost;true
1545297206;1552;6;MAGE-Frost,MONK-Windwalker,PALADIN-Holy;DEATHKNIGHT-Unholy,PRIEST-Shadow,SHAMAN-Restoration;147;false;0;220894;147410;0;0;1743;1634;Frost;true
1545213993;617;6;MAGE-Frost,PRIEST-Discipline,WARLOCK-Destruction;DRUID-Balance,MONK-Mistweaver,WARLOCK-Affliction;478;false;0;1393756;345030;0;0;1728;1732;Frost;true
1545213490;980;6;MAGE-Frost,PRIEST-Discipline,WARLOCK-Destruction;SHAMAN-Restoration,WARLOCK-Destruction,WARRIOR-Arms;116;true;0;182623;0;0;17;1697;1692;Frost;true
1545213334;1505;6;MAGE-Frost,PRIEST-Discipline,WARLOCK-Destruction;DRUID-Balance,MAGE-Frost,PRIEST-Discipline;351;false;0;903519;555423;0;0;1726;1747;Frost;true
1545212891;1825;6;MAGE-Frost,PRIEST-Discipline,WARLOCK-Destruction;DEATHKNIGHT-Unholy,DEMONHUNTER-Havoc,PALADIN-Holy;141;false;0;261039;129795;0;0;1760;1764;Frost;true
1545212681;1505;6;MAGE-Frost,PRIEST-Discipline,WARLOCK-Destruction;DEATHKNIGHT-Unholy,SHAMAN-Restoration,WARRIOR-Arms;267;true;1;1079858;63362;0;61;1726;1721;Frost;true
1545212343;1911;6;MAGE-Frost,PRIEST-Discipline,WARLOCK-Destruction;DRUID-Restoration,HUNTER-Beast Mastery,PALADIN-Retribution;131;true;0;276648;1770;0;69;1697;1659;Frost;true
1545212163;617;6;MAGE-Frost,PRIEST-Discipline,WARLOCK-Destruction;SHAMAN-Restoration,WARLOCK-Affliction,WARRIOR-Fury;148;true;1;302862;74907;0;83;1657;1673;Frost;true
1545211990;980;6;MAGE-Frost,PRIEST-Discipline,WARLOCK-Destruction;DEATHKNIGHT-Unholy,MONK-Mistweaver,ROGUE-Assassination;160;true;2;400472;119653;0;84;1630;1565;Frost;true
1545211779;1504;6;MAGE-Frost,PRIEST-Discipline,WARLOCK-Destruction;DEATHKNIGHT-Unholy,MONK-Mistweaver,WARRIOR-Fury;131;false;0;261705;79581;0;0;1661;1703;Frost;true
1545211613;1552;6;MAGE-Frost,PRIEST-Discipline,WARLOCK-Destruction;DEMONHUNTER-Havoc,DRUID-Restoration,WARRIOR-Arms;188;true;0;491869;22181;0;91;1615;1643;Frost;true
1545211332;1504;6;MAGE-Frost,PRIEST-Discipline,WARLOCK-Destruction;DEATHKNIGHT-Unholy,DRUID-Restoration,SHAMAN-Elemental;383;false;0;1321762;249084;0;0;1696;1606;Frost;true
1545210875;617;6;MAGE-Frost,PRIEST-Discipline,WARLOCK-Destruction;SHAMAN-Enhancement,SHAMAN-Restoration,WARRIOR-Arms;132;true;0;117031;36622;0;92;1667;1576;Frost;true
1545210569;1552;6;MAGE-Frost,PRIEST-Discipline,WARLOCK-Destruction;PRIEST-Discipline,ROGUE-Assassination,WARLOCK-Affliction;170;true;1;396956;45297;0;93;1637;1539;Frost;true
1545210339;1505;6;MAGE-Frost,PRIEST-Discipline,WARLOCK-Destruction;PALADIN-Holy,PALADIN-Retribution,WARRIOR-Arms;138;true;1;314792;9653;0;94;1603;1495;Frost;true
1545210146;617;6;MAGE-Frost,PRIEST-Discipline,WARLOCK-Destruction;DEMONHUNTER-Havoc,DRUID-Feral,PRIEST-Discipline;129;true;0;188896;38311;0;94;1559;1460;Frost;true
1545209969;572;6;MAGE-Frost,PRIEST-Discipline,WARLOCK-Destruction;DRUID-Balance,MONK-Mistweaver,WARLOCK-Affliction;222;false;0;494884;115232;0;0;1614;1612;Frost;true
1545209708;572;6;MAGE-Frost,PRIEST-Discipline,WARLOCK-Destruction;MAGE-Fire,PRIEST-Discipline,ROGUE-Assassination;295;true;1;722759;75029;0;95;1555;1446;Frost;true
1545022338;980;4;MAGE-Frost,ROGUE-Assassination;DEMONHUNTER-Havoc,MAGE-Fire;119;false;0;49742;71391;0;-14;1508;1500;Frost;true
1545022196;1911;4;MAGE-Frost,ROGUE-Assassination;DRUID-Feral,PALADIN-Retribution;116;true;2;187721;34818;0;10;1481;1484;Frost;true
1545022027;617;4;MAGE-Frost,ROGUE-Assassination;DEATHKNIGHT-Frost,WARRIOR-Fury;127;true;2;274967;40467;0;9;1454;1456;Frost;true
1545021832;1825;4;MAGE-Frost,ROGUE-Assassination;MAGE-Arcane,PRIEST-Discipline;220;false;0;209917;136225;0;-14;1480;1482;Frost;true
1545021574;1672;4;MAGE-Frost,ROGUE-Assassination;PALADIN-Holy,PRIEST-Shadow;197;false;0;310296;72116;0;-14;1506;1513;Frost;true
1544352708;1911;4;MAGE-Frost,ROGUE-Assassination;PRIEST-Discipline,ROGUE-Assassination;213;false;1;376448;183016;0;-12;1593;1586;Frost;true
1544352340;1504;4;MAGE-Frost,ROGUE-Assassination;PRIEST-Discipline,WARRIOR-Arms;153;false;0;278376;141833;0;-11;1619;1623;Frost;true
1544352141;1505;4;MAGE-Frost,ROGUE-Assassination;PALADIN-Holy,WARRIOR-Arms;194;true;1;445159;39533;0;12;1594;1584;Frost;true
1544351923;1505;4;MAGE-Frost,ROGUE-Assassination;PRIEST-Discipline,WARRIOR-Fury;142;true;0;349372;34799;0;12;1568;1564;Frost;true
1544351729;980;4;MAGE-Frost,ROGUE-Assassination;MONK-Mistweaver,ROGUE-Assassination;177;false;0;211587;194692;0;-11;1594;1597;Frost;true
1544351518;1134;4;MAGE-Frost,ROGUE-Assassination;PALADIN-Retribution,PRIEST-Discipline;189;false;0;354003;114271;0;-11;1621;1620;Frost;true
1544351308;1552;4;MAGE-Frost,ROGUE-Assassination;DEATHKNIGHT-Unholy,DRUID-Restoration;141;false;0;464424;46521;0;-10;1648;1640;Frost;true
1544351119;617;4;MAGE-Frost,ROGUE-Assassination;PRIEST-Discipline,ROGUE-Assassination;112;true;1;208129;29492;0;13;1622;1621;Frost;true
1544350985;1552;4;MAGE-Frost,ROGUE-Assassination;MAGE-Frost,PRIEST-Discipline;155;false;0;192570;134223;0;-10;1649;1645;Frost;true
1544350786;572;4;MAGE-Frost,ROGUE-Assassination;HUNTER-Survival,PALADIN-Holy;119;true;0;214531;64952;0;14;1623;1622;Frost;true
1544350627;1552;4;MAGE-Frost,ROGUE-Assassination;PRIEST-Shadow,ROGUE-Assassination;90;true;2;188866;0;0;13;1596;1594;Frost;true
1544350465;1505;4;MAGE-Frost,ROGUE-Assassination;PRIEST-Discipline,ROGUE-Assassination;208;true;0;441581;126658;0;13;1570;1570;Frost;true
1544345782;1825;4;MAGE-Frost,ROGUE-Assassination;DEATHKNIGHT-Unholy,SHAMAN-Restoration;124;false;0;82014;107161;0;-12;1554;1556;Frost;true
1544345629;617;4;MAGE-Frost,ROGUE-Assassination;MAGE-Fire,MAGE-Fire;143;true;0;186365;924;0;18;1515;1742;Frost;true
1544345463;1505;4;MAGE-Frost,ROGUE-Assassination;HUNTER-Beast Mastery,WARRIOR-Arms;106;true;0;191470;65137;0;10;1490;1480;Frost;true
1544345237;1825;4;MAGE-Frost,ROGUE-Assassination;DRUID-Feral,PRIEST-Discipline;97;false;0;168428;72555;0;-5;1493;1790;Frost;true
1544345087;1134;4;MAGE-Frost,ROGUE-Assassination;PALADIN-Holy,SHAMAN-Enhancement;111;true;0;210710;20430;0;10;1466;1472;Frost;true
1544343945;1552;4;MAGE-Frost,ROGUE-Assassination;MAGE-Fire,SHAMAN-Restoration;200;false;0;446127;127101;0;-12;1529;1534;Frost;true
1544343717;1825;4;MAGE-Frost,ROGUE-Assassination;MAGE-Frost,PRIEST-Discipline;161;false;0;204048;80770;0;-12;1557;1555;Frost;true
1544343401;1911;4;MAGE-Frost,ROGUE-Outlaw;DEATHKNIGHT-Blood,DRUID-Restoration;241;false;0;256540;118871;0;-17;1426;1421;Frost;true
1544343118;617;4;MAGE-Frost,ROGUE-Outlaw;DRUID-Feral,WARRIOR-Fury;130;true;0;278873;117136;0;7;1398;1391;Frost;true
1544342719;1672;4;MAGE-Frost,ROGUE-Outlaw;HUNTER-Survival,ROGUE-Assassination;113;false;0;94233;88616;0;-16;1419;1466;Frost;true
1544342577;1552;4;MAGE-Frost,ROGUE-Outlaw;MONK-Windwalker,PALADIN-Retribution;114;true;0;224633;98214;0;6;1388;1388;Frost;true
1544342429;617;4;MAGE-Frost,ROGUE-Outlaw;DRUID-Balance,DRUID-Restoration;86;true;0;216427;26031;0;5;1355;1354;Frost;true
1544342311;572;4;MAGE-Frost,ROGUE-Outlaw;PRIEST-Discipline,WARRIOR-Arms;173;false;0;277435;93635;0;-18;1390;1389;Frost;true
1544340889;980;4;MAGE-Frost,ROGUE-Assassination;HUNTER-Beast Mastery,PALADIN-Retribution;107;true;2;180305;105591;0;13;1584;1594;Frost;true
1544340733;1552;4;MAGE-Frost,ROGUE-Assassination;DEMONHUNTER-Havoc,PALADIN-Holy;120;true;0;362170;0;0;12;1557;1557;Frost;true
1544261510;1505;4;MAGE-Frost,ROGUE-Assassination;DEMONHUNTER-Havoc,SHAMAN-Restoration;125;true;1;300872;87408;0;20;1573;1813;Frost;true
1544261351;1911;4;MAGE-Frost,ROGUE-Assassination;PRIEST-Discipline,WARRIOR-Fury;204;false;0;374806;118903;0;-10;1598;1607;Frost;true
1544261099;980;4;MAGE-Frost,ROGUE-Assassination;MONK-Mistweaver,WARRIOR-Arms;153;true;1;305062;26241;0;13;1573;1565;Frost;true
1544260906;1672;4;MAGE-Frost,ROGUE-Assassination;DEMONHUNTER-Havoc,PALADIN-Holy;118;true;1;309968;40493;0;13;1549;1539;Frost;true
1544260747;980;4;MAGE-Frost,ROGUE-Assassination;PALADIN-Holy,ROGUE-Assassination;145;false;0;171257;64250;0;-10;1573;1584;Frost;true
1544260554;1825;4;MAGE-Frost,ROGUE-Assassination;DEATHKNIGHT-Blood,HUNTER-Beast Mastery;183;true;2;443015;106481;0;13;1547;1549;Frost;true
1544260337;1825;4;MAGE-Frost,ROGUE-Assassination;PRIEST-Discipline,ROGUE-Assassination;152;true;2;396171;0;0;12;1522;1516;Frost;true
1544260149;1911;4;MAGE-Frost,ROGUE-Assassination;DRUID-Feral,PRIEST-Discipline;164;false;0;204166;82945;0;-11;1548;1545;Frost;true
1544259948;1504;4;MAGE-Frost,ROGUE-Assassination;DEMONHUNTER-Havoc,ROGUE-Subtlety;124;true;1;196231;98141;0;16;1511;1623;Frost;true
1544259799;572;4;MAGE-Frost,ROGUE-Assassination;PALADIN-Retribution,ROGUE-Assassination;146;false;0;198298;101016;0;-11;1538;1535;Frost;true
1544259612;1672;4;MAGE-Frost,ROGUE-Assassination;MAGE-Fire,PRIEST-Shadow;139;true;1;204274;117216;0;13;1511;1516;Frost;true
1544259430;1672;4;MAGE-Frost,ROGUE-Assassination;DRUID-Balance,MONK-Mistweaver;148;false;0;318680;77231;0;-11;1537;1538;Frost;true
1544259254;1672;4;MAGE-Frost,ROGUE-Assassination;PALADIN-Holy,WARRIOR-Fury;105;true;2;224162;4600;0;14;1511;1511;Frost;true
1544259110;1505;4;MAGE-Frost,ROGUE-Assassination;DRUID-Feral,PALADIN-Holy;178;false;0;355316;128157;0;-11;1538;1530;Frost;true
1544258881;1825;4;MAGE-Frost,ROGUE-Assassination;MAGE-Fire,PRIEST-Discipline;207;true;0;372969;104097;0;14;1511;1516;Frost;true
1544258636;1825;4;MAGE-Frost,ROGUE-Assassination;HUNTER-Survival,PRIEST-Discipline;118;false;0;206182;51748;0;-11;1536;1545;Frost;true
1544258460;1504;4;MAGE-Frost,ROGUE-Assassination;DRUID-Feral,PALADIN-Holy;148;false;0;309482;65025;0;-10;1562;1568;Frost;true
1544258265;1504;4;MAGE-Frost,ROGUE-Assassination;HUNTER-Beast Mastery,PALADIN-Retribution;146;true;0;333671;156581;0;13;1535;1539;Frost;true
1544258091;1134;4;MAGE-Frost,ROGUE-Assassination;PALADIN-Retribution,PRIEST-Discipline;109;true;1;153624;24403;0;15;1508;1509;Frost;true
1544257952;1134;4;MAGE-Frost,ROGUE-Assassination;MAGE-Fire,ROGUE-Assassination;211;true;2;228250;86241;0;14;1477;1522;Frost;true
1544257647;617;4;MAGE-Frost,ROGUE-Assassination;PRIEST-Discipline,ROGUE-Assassination;146;false;0;275145;67971;0;-11;1503;1503;Frost;true
1544257448;1134;4;MAGE-Frost,ROGUE-Assassination;DRUID-Restoration,WARRIOR-Arms;155;true;1;342193;88007;0;12;1477;1475;Frost;true
1544257268;572;4;MAGE-Frost,ROGUE-Assassination;PALADIN-Retribution,PRIEST-Discipline;239;false;0;457336;131050;0;-12;1504;1498;Frost;true
1544256976;1552;4;MAGE-Frost,ROGUE-Assassination;PALADIN-Retribution,PRIEST-Discipline;131;true;1;240219;91048;0;12;1479;1471;Frost;true
1544256816;1552;4;MAGE-Frost,ROGUE-Assassination;DRUID-Feral,PRIEST-Discipline;203;true;2;288815;103161;0;12;1453;1454;Frost;true
1544256582;1825;4;MAGE-Frost,ROGUE-Assassination;ROGUE-Assassination,SHAMAN-Restoration;101;true;1;176859;25725;0;14;1425;1506;Frost;true
1544256406;572;4;MAGE-Frost,ROGUE-Assassination;PALADIN-Holy,WARRIOR-Fury;213;false;0;405154;169525;0;-12;1451;1450;Frost;true
1544256156;1505;4;MAGE-Frost,ROGUE-Assassination;PALADIN-Retribution,WARRIOR-Arms;180;true;2;487795;125456;0;11;1425;1421;Frost;true
1544255944;572;4;MAGE-Frost,ROGUE-Assassination;ROGUE-Assassination,SHAMAN-Restoration;153;false;0;180908;109474;0;-12;1451;1453;Frost;true
1544255731;1504;4;MAGE-Frost,ROGUE-Assassination;PRIEST-Discipline,WARRIOR-Arms;244;true;2;581484;137262;0;15;1419;1520;Frost;true
1544255427;1672;4;MAGE-Frost,ROGUE-Assassination;PALADIN-Holy,ROGUE-Assassination;130;false;0;298896;61777;0;-12;1445;1445;Frost;true
1544255250;980;4;MAGE-Frost,ROGUE-Assassination;DRUID-Restoration,ROGUE-Assassination;217;false;0;327653;97506;0;-12;1472;1471;Frost;true
1544254973;1134;4;MAGE-Frost,ROGUE-Assassination;DEATHKNIGHT-Unholy,PALADIN-Holy;105;true;1;215056;44126;0;12;1445;1446;Frost;true
1544254834;1552;4;MAGE-Frost,ROGUE-Assassination;DEATHKNIGHT-Frost,PALADIN-Protection;283;false;0;818722;210858;0;-12;1472;1470;Frost;true
1544254501;1825;4;MAGE-Frost,ROGUE-Assassination;HUNTER-Beast Mastery,HUNTER-Beast Mastery;161;true;2;307180;49688;0;12;1445;1448;Frost;true
1544254278;1505;4;MAGE-Frost,ROGUE-Assassination;DRUID-Feral,MONK-Mistweaver;167;false;0;300417;117170;0;-12;1470;1479;Frost;true
1544254082;1672;4;MAGE-Frost,ROGUE-Assassination;MAGE-Fire,PRIEST-Discipline;132;true;1;221096;26270;0;11;1444;1443;Frost;true
1544253924;617;4;MAGE-Frost,ROGUE-Assassination;DRUID-Balance,MONK-Mistweaver;115;true;2;316548;15251;0;13;1412;1466;Frost;true
1544253771;1672;4;MAGE-Frost,ROGUE-Assassination;PALADIN-Holy,SHAMAN-Enhancement;195;true;1;294808;72873;0;10;1386;1380;Frost;true